TWILLY DHERMES EAU GINGER 85ML;842;1262;0;3346133203671;HERMES
TWILLY DHERMES EAU GINGER 30 ML;411;616;0;3346133203657;HERMES
TWILLY DHERMES EAU POVREE 50ML;616;925;0;3346130009481;HERMES
TWILLY DHERMES POIVREE 30 ML;411;618;0;3346130009474;HERMES
TWILLY DHERMES POVREE 85 ML;842;1264;0;3346130009566;HERMES
TERRE DHERMES EAU DE TOILETTE 50 ML;532;797;0;3346130009610;HERMES
TERRE DHERMES EAU DE TOILETTE 100 ML;666;1001;0;3346130009603;HERMES
TERRE DHERMES EAU DE TOILETTE 200 ML;1059;1590;0;3346130013457;HERMES
TERRE DHERMES DEODORANT 150 ML;251;377;0;3346130009764;HERMES
TERRE DHERMES PARFUM 200 ML;1345;2020;0;3346130013501;HERMES
TERRE DHERMES APRES RASAGE 100 ML;456;684;0;3346130009726;HERMES
EAU DE CITRON  NOIR COLOGNE 100 ML;673;1010;0;3346132004903;HERMES
EAU DE CITRON NOIR COLOGNE 200 ML;915;1374;0;3346132004910;HERMES
EAU DORANGE VERTE COLOGNE 200 ML;733;1100;0;3346130493570;HERMES
EAU DORANGE VERTE DEODORANT 150ML;242;364;0;3346130491989;HERMES
ELIXIR DES MERVEILLES EAU DE PARFUM 100 ML;972;1458;1;3346130010173;HERMES
LOMBRE DES MERVEILLES 30 ML;425;636;1;3346131797103;HERMES
EAU DES MERVEILLES EAU DE TOILETTE 50 ML;608;913;0;3346130010258;HERMES
EAU DES MERVEILLES EAU DE TOILETTE 100 ML;842;1264;1;3346130010265;HERMES
GUCCI BLOOM NETTARE DI FIORI 100 ML;1034;1552;0;3614227570023;GUCCI
GUCCI BLOOM AMBROSIA 100 ML;1034;1552;0;3614228958691;GUCCI
GUCCI BLOOM PROFUMO DI FIORI 100 ML;1012;1518;0;3614229461312;GUCCI
GUCCI BLOOM PROFUMO DI FIORI 50 ML;815;1222;1;3614229461305;GUCCI
GUCCI FLORA GARDENIA30 ML ;571;857;0;3616302022465;GUCCI
GUCCI FLORA GARDENIA 50 ML;815;1222;0;3616302022489;GUCCI
GUCCI FLORA GARDENIA 100 ML;1073;1609;0;3616302022472;GUCCI
GUCCI FLORA JASMINE 30 ML;571;857;0;3616302968589;GUCCI
GUCCI FLORA JASMINE 50 ML;815;1222;0;3616302968534;GUCCI
GUCCI MEMOIRE 40 ML;472;707;0;3614225307881;GUCCI
GUCCI MEMOIRE 60 ML;670;1004;0;3614225307904;GUCCI
GUCCI MEMOIRE 100 ML;868;1301;0;3614225307553;GUCCI
GUCCI GUILTY EDT 90 ML;644;1120;-3;737052339047;GUCCI
GUCCI GUILTY EDP 90 ML;853;1280;2;3614229382129;GUCCI
GUCCI GUILTY INTENSE 50 ML;936;1404;1;3616301794646;GUCCI
DAISY MARC JACOBS EDT 100 ML;738;1108;0;031655513034;MARC JACOBS
DAISY MARC JACOBS EVER SO FRESH 30 ML;511;767;0;3616303423834;MARC JACOBS
DAISY MARC JACOBS EVER SO FRESH 75 ML;725;1087;0;3616303423841;MARC JACOBS
DAISY MARC JACOBS EVER SO FRESH 125 ML;946;1418;0;3616303423858;MARC JACOBS
COFFRET CK DEFY EDT 100 ML;608;913;0;3616303455279;CALVIN KLEIN
LINTERDIT EDP 50 ML;803;1185;0;3274872372146;GIVENCHY
LINTERDIT EDP 125ML;1163;1782;0;3274872421479;GIVENCHY
IRRESISTIBLE EDP 80 ML;1031;1546;0;3274872400733;GIVENCHY
IRRESISTIBLE EDT FRAICHE 80 ML;766;1194;0;3274872438835;GIVENCHY
LOTION HYDRATANTE IRRESISTIBLE 200 ML;408;612;0;3274872400764;GIVENCHY
HUILE BAIN IRRESISTIBLE 200 ML;343;530;0;3274872403840;GIVENCHY
DAHLIA DIVIN NUDE E DP 30 ML;520;801;0;3274872350823;GIVENCHY
DAHLIA DIVIN NUDE EDP 75 ML;874;1349;0;3274872350847;GIVENCHY
PARFUM CHEVEUX IRRESISTIBLE 35 ML;367;551;0;3274872419339;GIVENCHY
GENTELEMAN EDT 100 ML;827;1240;0;3274872423008;GIVENCHY
GENTLEMAN EDP100 ML;950;1426;0;3274872441033;GIVENCHY
GENTELEMAN EDP BOISEE 60 ML;721;1082;0;3274872425002;GIVENCHY
GENTLEMAN  EDP BOISEE 100 ML;950;1426;-1;3274872441057;GIVENCHY
COFFRET EDP 50 ML;750;1125;0;3274872449213;GIVENCHY
COFFRET EDP ROUGE 50 ML;764;1147;0;3274872449244;GIVENCHY
COLONIA ESSENZA 180 ML;1300;1950;1;8028713220036;AQUA DI PARMA
COLONIA ESSENZA 100 ML;988;1484;1;8028713220029;AQUA DI PARMA
COLONIA 100 ML;988;1484;2;8028713000096;AQUA DI PARMA
COLONIA 180 ML;1300;1950;2;8028713001734;AQUA DI PARMA
VANIGLIA 180 ML;2037;3057;0;8028713810428;AQUA DI PARMA
OUD 180 ML ;2037;3057;1;8028713810527;AQUA DI PARMA
PEONIA NOBILE 50 ML;996;1494;1;8028713400018;AQUA DI PARMA
PEONIA NOBILE 100 ML;1338;2007;2;8028713400025;AQUA DI PARMA
ROSA NOBILE 50 ML;996;1494;0;8028713490019;AQUA DI PARMA
ROSA NOBILE 100 ML;1338;2007;2;8028713490026;AQUA DI PARMA
COLONIA INTENSA 100 ML;988;1484;3;8028713210020;AQUA DI PARMA
COLONIA INTENSA 180 ML;1300;1950;2;8028713210112;AQUA DI PARMA
MANDORLO DI SICILIA 150 ML;1132;1700;0;8028713570049;AQUA DI PARMA
MIRTO DI PANAREA 75 ML;737;1107;1;8028713570070;AQUA DI PARMA
MIRTO DI PANAREA 150 ML;1132;1700;0;8028713570087;AQUA DI PARMA
FICO DI AMALFI 75 ML;737;1107;0;8028713570056;AQUA DI PARMA
FICO DI AMALFI;1132;1700;0;8028713570063;AQUA DI PARMA
COFFRET COLONIA 100 ML;1094;1642;1;8028713250774;AQUA DI PARMA
COFFRET ARANCIA 75 ML;791;1186;0;8028713573514;AQUA DI PARMA
COFFRET FICO DI AMALFI 75 ML;791;1186;1;8028713573521;AQUA DI PARMA
COFFRET COLONIA ESSENZA 100 ML;1094;1642;0;8028713220678;AQUA DI PARMA
NOMADE ABSOLU DE PARFUM 30 ML;533;800;0;3614227548602;CHLOE
 CHLOE ABSOLU DE PARFUM 30 ML;498;747;0;3614225105616;CHLOE
ABSOLU DE PARFUM 75 ML;950;1426;0;3614225425585;CHLOE
NOMADE EDT 75 ML;754;1131;0;3614225944253;CHLOE
NOMADE ABSOLU DE PARFUM 75ML;950;1426;0;3614227548725;GIVENCHY
LA PANTHERE EDP 25 ML;526;789;0;3432240504340;CARTIER
LA PANTHERE EDP 50 ML ;744;1116;0;3432240031938;CARTIER
LA PANTHERE EDT 25 ML;438;657;0;3432240500342;CARTIER
LA PANTHERE PARFUM 50 ML;791;1187;0;3432240504296;CARTIER
LA PANTHERE PARFUM 75 ML;1027;1541;0;3432240504319;CARTIER
CARTIER CARAT 50 ML;744;1116;0;3432240502193;CARTIER
CARTIER CARAT 100 ML;1042;1562;0;3432240502209;CARTIER
BRUME CHEVEUX 100 ML ;373;560;0;3432240502476;CARTIER
LENVOL EDP 50 ML;617;926;0;3432240501134;CARTIER
LENVOL CARETIER EDT 50 ML;558;837;0;3432240501462;CARTIER
LENVOL CARTIER EDT 80 ML;744;1116;0;3432240501455;CARTIER
DECLARATION EDT 50 ML;526;776;0;3432240502117;CARTIER
DECLARATION EDT 100 ML;754;1118;0;3432240502131;CARTIER
DECLARATION  EDT 150ML;913;1370;0;3432240502100;CARTIER
DECLARATION PARFUM 50 ML;643;965;0;3432240501868;CARTIER
DECLARATION PARFUM 100ML;940;1410;0;3432240501875;CARTIER
PASHA PARFUM 50 ML;643;965;0;3432240504203;CARTIER
BAISER VOLE PARFUM 50 ML;798;1197;0;3432240505903;CARTIER
BAISER VOLE PARFUM 100 ML;1080;1620;0;3432240505897;CARTIER
COFFRET LAPANTHERE EDP 75 ML;989;1483;0;3432240505835;CARTIER
DECLARATION ESSENCE 50 ML;526;789;0;3432240502094;CARTIER
PASHA PARFUM 100 ML;940;1410;0;3432240504197;CARTIER
COFFRET CK ONE EDT 100 ML;412;617;0;3616303454944;CALVIN KLEIN
H24 EAU DE TOILETTE 50 ML;484;728;1;3346133500046;HERMES
H24 EAU DE TOILETTE 100 ML;646;971;1;3346133500022;HERMES
 TOM FORD MATALLIQUE 50 ML;1037;1556;0;888066089272;TOM FORD
TOM FORD METALLIQUE 100ML;1468;2202;0;888066089289;TOM FORD
TOM FORD OMBRE LEATHER 100 ML;1496;2245;0;888066075145;TOM FORD
TOM FORD COSTA AZZURRA EDP 50 ML;902;1354;3;888066117463;TOM FORD
COSTA AZZURA 100 ML;1272;1908;1;888066117470;TOM FORD
TOM FORD BLACK ORCHID PARFUM 50 ML;1037;1556;2;888066112734;TOM FORD
TOM FORD BLACK ORCHID PARFUM 100 ML;1468;2202;1;888066112727;TOM FORD
TOM FORD  BLACK ORCHID 30 ML;605;907;0;888066000055;TOM FORD
TOM FORD BLACK ORCHID 50 ML;902;1354;0;888066000062;TOM FORD
TOM FORD ORCHID EDP 100ML;1496;2245;1;888066000079;TOM FORD
TOM FORD EAU DE SOLEIL BLANC 50 ML;902;1354;0;888066075084;TOM FORD
BEAU DE JOUR EDP 50 ML;982;1472;0;888066103886;TOM FORD
BEAU DE JOUR EDP 100 ML;1390;2085;2;888066103909;TOM FORD
BOSS BOTTLED EDT 50 ML;494;741;0;737052351018;BOSS
BOSS BOTTLED EDT 100 ML;670;1005;0;737052351100;BOSS
BOSS THE SCENT EDT 100 ML;670;1005;0;737052972305;BOSS
BOSS BOTTLED EDP 100 ML;738;1107;0;3614229828535;BOSS
BOSS BOTTLED EDP200 ML;950;1426;1;3614229828542;BOSS
BOSS INFINITE EDP 50 ML;494;742;0;3614228220903;BOSS
BOSS INFINITE EDP 100 ML;700;1050;0;3614228220897;BOSS
BOSS INFINITE EDP 200 ML;913;1370;0;3614228220880;BOSS
BOSS THE SCENT FOR HER EDP 50 ML;608;913;0;8005610298894;BOSS
BOSS THE SCENT FOR HER EDP 100 ML;868;1302;0;8005610298924;BOSS
BOSS THE SCENT PRIVATE ACCORD 30 ML;457;686;0;3614227391796;BOSS
BOSS THE SCENT ABSOLUTE EDP 50 ML;670;1005;0;3614228719025;BOSS
BOSS THE SCENT ABSOLUTE EDP 100 ML;950;1426;0;3614228719032;BOSS
BOSS ALIVE EDP 30ML;480;720;0;3614229371628;BOSS
BOSS ALIVE EDP 80ML;829;1244;0;3614228830393;BOSS
MA VIE EDP 30 ML;409;584;0;737052802749;BOSS
MA VIE EDP  75 ML;690;1036;0;737052802800;BOSS
MA VIE INTENSE EDP 75 ML;733;1099;0;8005610295138;BOSS
COFFRET BOSS THE SCENT 100 ML;668;1003;-1;3616303428594;BOSS
COFFRET HUGO MAN EDT ;535;803;0;3616303428648;BOSS
BOSS THE SCENT ABSOLUTE 30 ML;494;742;0;3614228719018;BOSS
MR BURBERRY EDT 100 ML;677;1016;2;5045456747685;BURBERRY
HERO EDT 50 ML;544;816;0;3614229820782;BURBERRY
HERO EDT 100 ML;754;1131;0;3614229820799;BURBERRY
HERO EDT 150 ML;920;1381;0;3614229820805;BURBERRY
HER BLOSSOM EDT 50 ML;563;845;0;3614228236362;BURBERRY
HER EDP 30 ML;434;652;0;3614227693241;BURBERRY
HER INTENSE EDP 30 ML;480;720;-1;3614229370737;BURBERRY
HER INTENSE EDP 50 ML;685;1028;0;3614229370713;BURBERRY
RUN WILD HER EDP 50 ML;412;618;0;3614227880245;DAVIDOFF
COOL WATER EDT 75 ML;358;537;0;3414202000565;DAVIDOFF
COOL WATER WOMAN 30 ML;284;427;1;3414202011820;DAVIDOFF
COOL WATER WOMAN 50 ML;378;597;0;3414202011769;DAVIDOFF
COOL WATER WOMAN 100 ML;529;794;0;3414202011752;DAVIDOFF
COOL WATER PARFUM 50 ML;419;627;0;3614229387087;DAVIDOFF
COOL WATER PARFUM HER 100 ML;548;823;1;3614229387094;DAVIDOFF
COOL WATER INTENSE HER 100 ML;556;834;1;3614228174435;DAVIDOFF
THE GAME EDT60 ML;412;618;0;3607341186478;DAVIDOFF
THE GAME EDT 100 ML;533;800;0;3607341186805;DAVIDOFF
HORIZON EDT 75 ML;464;697;0;3614220080574;DAVIDOFF
HORIZON EDT 125ML;586;879;2;3614220080499;DAVIDOFF
COFFRET DAVIDOFF EDT ;342;513;0;3616303806019;DAVIDOFF
CK WOMEN INTENSE EDP 50 ML;670;1005;0;3614228192729;CALVIN KLEIN
CK WOMEN EDP 100ML;882;1326;0;3614228192682;CALVIN KLEIN
DEFY EDT 50 ML;457;686;0;3616301296683;CALVIN KLEIN
DEFY EDT 100 ML;608;913;0;3616301296669;CALVIN KLEIN
BLUSH 100 ML;742;1113;1;3614229392210;CALVIN KLEIN
INTENSE MEN 100ML;640;960;0;088300193530;CALVIN KLEIN
EUPHORIA MEN 30 ML;328;492;0;088300187409;CALVIN KLEIN
EUPHORIA MEN 50 ML;464;697;0;088300178322;CALVIN KLEIN
OBSESSED WOMEN EDP 50 ML;514;771;0;3614224481018;CALVIN KLEIN
OBSESSED MEN EDT 125 ML;556;834;0;3614224480615;CALVIN KLEIN
CK ONE EDP 100 ML;479;719;0;3616301781127;CALVIN KLEIN
ETERNITY EDT 50 ML;412;617;0;088300605309;CALVIN KLEIN
ETERNITY WOMEN 100 ML;631;947;0;088300101405;CALVIN KLEIN
MAGNOLIA INFINITA 180 ML;2069;3103;2;8028713813344;AQUA DI PARMA
LINTERDIT EDT 35 ML;506;760;0;3274872441965;GIVENCHY
LINTERDIT EDT 50 ML;696;1044;0;3274872441972;GIVENCHY
LINTERDIT EDT 80 ML ;851;1276;0;3274872441989;GIVENCHY
EAU DE BASILIC POURPRE 100 ML;673;1010;3;3346130000020;HERMES
EAU DE BASILIC POURPRE 200 ML;916;1373;0;3346130000037;HERMES
CARTIER DECLARATION FRAICHEUR 100 ML;784;1175;0;3432240505293;CARTIER
MATCH POINT EDP 50 ML;552;828;0;3616302013340;LA COSTE
MATCH POINT EDP 100 ML;736;1104;0;3616302013357;LA COSTE
MATCH POINT EDT 50 ML;479;719;0;3614229371512;LA COSTE
MATCH POINT EDT 100 ML;638;958;0;3614229371543;LA COSTE
LHOMME EDT 50 ML;462;693;0;8005610521183;LA COSTE
L.12.12 BLANC;404;607;0;737052895956;LA COSTE
L.12.12 POUR ELLE ;442;663;0;8005610266435;LA COSTE
L.12.12 NOIR INTENSE 50 ML;403;605;0;737052896106;LA COSTE
L.12.12.NOIR INTENSE 100 ML;510;765;0;737052662664;LA COSTE
L.12.12 POUR LUI 100 ML;519;774;0;8005610266831;LA COSTE
EVERLASTING FDT MAT N105.5W;342;531;0;3380810402728;CLARINS
EVERLASTING FDT MAT 112.7W;342;531;0;3380810402865;CLARINS
EVERLASTING FDT MAT 107C;342;531;1;3380810402742;CLARINS
EVERLASTING FDT MAT 108W;342;531;0;3380810402759;CLARINS
EVERLASTING FDT MAT 109C;342;531;0;3380810402780;CLARINS
EVERLASTING FDT MAT 110.5W;342;531;0;3380810402810;CLARINS
EVERLASTING FDT MAT 111N;342;531;0;3380810402827;CLARINS
EVERLASTING FDT MAT 112.5W;342;531;1;3380810402858;CLARINS
EVERLASTING FDT MAT 114.3W;342;531;1;3380810402896;CLARINS
EVERLASTING FDTMAT 116.5W;342;531;1;3380810402933;CLARINS
EVERLASTING YOUTH FLUID 105.5;316;549;0;3380810319507;CLARINS
EVERLASTING YOUTH FLUID 106;316;549;0;3380810318722;CLARINS
EVERLASTING YOUTH FLUID 107;316;549;0;3380810318739;CLARINS
EVERLASTING YOUTH FLUID 108.3;316;549;0;3380810318753;CLARINS
EVERLASTING YOUTH FLUID 109;316;549;0;3380810318777;CLARINS
EVERLASTING YOUTH FLUID 111;316;549;1;3380810319514;CLARINS
EVERLASTING YOUTH FLUID 112.3;316;549;2;3380810318814;CLARINS
EVERLASTING YOUTH FLUID 113;316;549;1;3380810318821;CLARINS
SKIN ILLUSION VELVET 103N;320;481;1;3380810482362;CLARINS
SKIN ILLUSION VELVET 105.5W;320;481;1;3380810482386;CLARINS
SKIN ILLUSION VELVET 107C;320;481;0;3380810482416;CLARINS
SKIN ILLUSION VELVET 108.3 N;320;481;0;3380810482430;CLARINS
SKIN ILLUSION VELVET 109 C;320;481;1;3380810482454;CLARINS
SKIN ILLUSION VELVET 110.5W;320;481;0;3380810483413;CLARINS
SKIN ILLUSION VELVET 110N;320;481;2;3380810482461;CLARINS
SKIN ILLUSION VELVET 112.3N;320;481;0;3380810482508;CLARINS
SKIN ILLUSION VELVET 112.5W;320;481;2;3380810483437;CLARINS
SKIN ILLUSION VELVET 113C;320;481;2;3380810482515;CLARINS
SKIN ILLUSION 103;320;481;-1;3380810234299;CLARINS
SKIN ILLUSION 105;320;481;0;3380810234305;CLARINS
SKIN ILLUSION 108;320;481;0;3380810234336;CLARINS
SKIN ILLUSION 108.3;320;481;0;3380810234343;CLARINS
SKIN ILLUSION 112.3;320;481;2;3380810234404;CLARINS
SKIN ILLUSION 113;320;481;0;3380810234428;CLARINS
EVERLASTING CONCEALER 00;221;341;0;3380810405873;CLARINS
EVERLASTING CONCEALER 02;221;341;0;3380810405897;CLARINS
EVERLASTING CONCEALER 04;221;341;2;3380810405910;CLARINS
SOS PRIMER 02;247;384;0;3380810185355;CLARINS
SOS PRIMER 05;247;384;0;3380810185386;CLARINS
SOS PRIMER 04;247;384;0;3380810185379;CLARINS
MILKY BOOST 03;286;429;0;3380810368949;CLARINS
MILKY BOOST 04;286;429;0;3380810368956;CLARINS
MILKY BOOST 05;286;429;0;3380810368963;CLARINS
FIX MALE UP;224;378;0;3380810040692;CLARINS
EVERLASTING COMPACT TEINT 107;335;503;0;3380810158434;CLARINS
EVERLASTING COMPACT 108 ;335;503;1;3380810158441;CLARINS
EVERLASTING COMPACT 109;335;502;0;3380810158458;CLARINS
EVERLASTING COMPACT 110;335;503;0;3380810158465;CLARINS
EVERLASTING COMPACT 112;335;503;1;3380810158472;CLARINS
SKIN ILLUSION FDT POUDRE LIBRE 107;320;481;0;3380810071696;CLARINS
SKIN ILLUSION FDT POUDRE 108;320;481;0;3380810071702;CLARINS
SKIN ILLUSION FDT POUDRE LIBRE 110;320;481;1;3380810071726;CLARINS
SKIN ILLUSION FDT POUDRE 112;320;481;1;3380810071733;CLARINS
SKIN ILLUSION FDT POUDRE 114;320;481;1;3380810071740;CLARINS
JOLI ROUGE PAPAYA 711;191;287;1;3380814435012;CLARINS
JOLI ROUGE 713 HOT PINK;191;287;0;3380814435111;CLARINS
JOLI ROUGE RASPBERRY 723;191;287;2;3380814435319;CLARINS
JOLI ROUGE RED ORANGE 741;191;287;0;3380814435913;CLARINS
JOLI ROUGE 742;191;287;0;3380814436019;CLARINS
JOLI ROUGE 754;191;287;1;3380810156768;CLARINS
JOLI ROUGE 756;191;287;0;3380810156782;CLARINS
JOLI ROUGE 760;191;287;1;3380810191486;CLARINS
JOLI ROUGE 761;191;287;2;3380810191493;CLARINS
JOLI ROUGE VELVET 705;191;287;1;3380810191394;CLARINS
JOLI ROUGR VELVET 711;191;287;2;3380810249231;CLARINS
JOLI ROUGE 762;191;287;2;3380810268386;CLARINS
JOLI ROUGE VELVET 723;191;287;0;3380810249217;CLARINS
JOLI ROUGE VELVET 732;191;287;0;3380810191387;CLARINS
JOLI ROUGE VELVET 738;191;287;2;3380810249262;CLARINS
JOLI ROUGE VELVET 741;191;287;2;3380810249255;CLARINS
JOLI ROUGE VELVET 742;191;287;0;3380810191356;CLARINS
JOLI ROUGE VELVET 744;191;287;0;3380810191370;CLARINS
JOLI ROUGR VELVET 737;191;287;1;3380810249187;CLARINS
JOLI ROUGE VELVET 752;191;287;1;3380810249170;CLARINS
JOLI ROUGE VELVET 754;191;287;1;3380810191363;CLARINS
JOLI ROUGE VELVET 757;191;287;0;3380810191400;CLARINS
JOLI ROUGE VELVET 760;191;287;2;3380810191431;CLARINS
JOLI ROUGE VELVET 761;191;287;2;3380810191448;CLARINS
JOLI ROUGE VELVET 706;191;287;0;3380810382518;CLARINS
JOLI ROUGE VRLVET 751;191;287;0;3380810382532;CLARINS
JOLI ROUGE 753;191;287;0;3380810382525;CLARINS
JOLI ROUGE VELVET 756;191;287;0;3380810249248;CLARINS
JOLI ROUGE VELVET 758;191;287;0;3380810191417;CLARINS
JOLI ROUGE VELVET 762;191;287;1;3380810268423;CLARINS
COFFRET HERO EDT 100 ML;828;1242;0;3616302932221;BURBERRY
COFFRET TWILLY DHERMES EAU GINGER EDP 50 ML;617;926;0;3346130012108;HERMES
COFFRET H 24 EDT 100 ML;647;971;0;3346130012085;HERMES
COFFRET  EAU DE SAUVAGE  EDT 100 ML ;819;1230;0;3348901588096;DIOR
TERRE DHERMES EAU GINGER 50 ML;528;792;0;3346130012375;HERMES
TERRE DHERMES EAU GIVREE;714;1071;0;3346130012245;HERMES
CHERRY IN JAPAN 50 ML;348;522;0;3616302023806;ESCADA
CHERRY IN JAPAN 100 ML;557;836;0;3616302023790;ESCADA
COFFRET MATCH POINT EDT 100 ML;641;958;0;3616303030582;LA COSTE
EAU SAUVAGE  PARFUM 50 ML;630;945;0;3348901363471;DIOR
EAU SAUVAGE PARFUM 200 ML;1221;1831;0;3348901363495;DIOR
EAU SAUVAGE COLOGNE 50 ML;538;807;2;3348901251020;DIOR
EAU SAUVAGE COLOGNE 100 ML;808;1212;1;3348901251037;DIOR
EAU SAUVAGE EDT 50 ML;593;890;2;3348900627505;DIOR
JOY EDP 90 ML;1096;1644;0;3348901419093;DIOR
SAUVAGE EDP 200ML;1406;2108;0;3348901428545;DIOR
SAUVAGE EDT 200 ML;1221;1831;0;3348901321129;DIOR
SAUVAGE COOL SPRAY 100 ML;609;913;0;3348901352314;DIOR
SAUVAGE GEL DE RASAGE 125ML;365;548;2;3348901512619;DIOR
JADORE ABSOLU 75 ML;986;1478;0;3348901396387;DIOR
BRUME POUR LE CORPS 100 ML;415;623;0;3348901387330;DIOR
HUILE SECHE CORPS ET CHEVEUX 150 ML;467;701;0;3348901460002;DIOR
HUILE DE DOUCHE 200 ML;386;578;0;3348901471428;DIOR
INFINISSIME EDP 50 ML;889;1333;0;3348901521406;DIOR
DEODORANT  100 ML;369;553;0;3348900852655;DIOR
JADORE EDT 100 ML;992;1488;1;3348901296632;DIOR
COOFRET JADORE EDP 100 ML;1213;1819;1;3348901637145;DIOR
COFFRET JADORE INFINISSIME 50 ML EDP;896;1344;0;3348901636940;DIOR
MISS DIOR HUILE DE ROSE 100 ML;453,6;677;0;3348901387347;DIOR
POISON GIRL UNEXEPTED EDT 50 ML;666;999;0;3348901392457;DIOR
POISON GIRL UNEXEPTED 100 ML;924;1386;0;3348901393119;DIOR
MISS DIOR EDT 50 ML;666;999;0;3348901419345;DIOR
DIORHOMME EDT 50 ML;593;890;0;3348901419130;DIOR
DIOR HOMME EDT 100 ML;808;1212;0;3348901419147;DIOR
DIOR HOMME BAUME APRES RASAGE 100 ML;431;647;2;3348901484879;DIOR
DEODORANT STICK DIOR HOMME ;282;423;0;3348901484893;DIOR
DIOR HOMME DEODORANT SPRAY;297;445;0;3348901484909;DIOR
MISS DIOR ROSE NROSES 50 ML;725;1087;0;3348901500821;DIOR
MISS DIOR ROSE NROSES 150 ML;1125;1687;0;3348901561365;DIOR
HAND GEL MISS DIOR;312;468;0;3348901576376;DIOR
DIOR HOMME EAUDE TOILETTE 150 ML;963;1444;0;3348901544092;DIOR
POISON GIRL 50 ML;666;999;0;3348901345729;DIOR
POISON GIRL 100 ML EDT ;924;1386;0;3348901345736;DIOR
DOLCE VITA;924;1386;0;3348900236738;DIOR
DIOR HOMME COLOGNE 75 ML;688;1030;3;3348901126342;DIOR
DIOR HOMME COLOGNE 125 ML ;966;1449;1;3348901126359;DIOR
JOLI ROUGE LACQUER 742;191;287;-1;3380810268263;CLARINS
JOLI ROUGE LACQUER 744;191;287;-1;3380810268331;CLARINS
JOLI ROUGE LACQUER 760;191;287;0;3380810268355;CLARINS
JOLI ROUGE LACQUER 761;191;287;1;3380810268362;CLARINS
JOLI ROUGE LCQUER 762;191;287;1;3380810268270;CLARINS
LIPS MILKY  02;175;263;0;3380810368864;CLARINS
LIPS MILKY 03;175;263;0;3380810368871;CLARINS
LIPS MILKY 04;175;263;0;3380810368888;CLARINS
LIPS MILKY 05;175;263;0;3380810368895;CLARINS
LIPS MILKY 06 ;175;263;1;3380810368901;CLARINS
LIP EMBELLISSEUR 01;136;218;0;3380810346329;CLARINS
LIPEMBELLISEUR 02;136;218;2;3380810346336;CLARINS
LIP EMBELLISEUR 05;136;218;1;3380810346343;CLARINS
LIP EMBELISSEUR 06;136;218;0;3380810346350;CLARINS
LIP EMBELLISEUR 07;136;218;0;3380810346367;CLARINS
LIP EMBELLISEUR 08;136;218;0;3380810346374;CLARINS
LIP EMBELLISSEUR 18;136;218;0;3380810309621;CLARINS
LIP EMBELLISSEUR VELVET MAT 04;137;218;0;3380810382457;CLARINS
LIP EMBELLISSEUR VELVET MAT 03;137;218;0;3380810382440;CLARINS
JOLI ROUGE CRAYON 742;164;247;1;3380810382471;CLARINS
JOLI ROUGE CRAYON  744;164;247;0;3380810382488;CLARINS
CRAYON LEVRES 05;126;189;1;3380810156799;CLARINS
CRAYON LEVRES 07;126;189;0;3380810191592;CLARINS
CRAYON LEVRES 06;126;189;1;3380810156805;CLARINS
LIP OIL INTENSE 02;156;281;1;3380810365825;CLARINS
LIP OIL INTENSE 06;179;276;0;3380810365863;CLARINS
LIP OIL INTENSE 07;179;276;0;3380810365870;CLARINS
LIP OIL 01;224;337;2;3666057037429;CLARINS
LIP COMFORT OIL 05;156;281;0;3666057037467;CLARINS
LIP OIL 04;224;337;1;3666057037450;CLARINS
LIP OIL 09;224;337;2;3666057037498;CLARINS
MY CLARINS LOVELY GLOSS N 01*;137;195;0;3380810421064;CLARINS
MY SWEETY BALM;137;195;0;3380810421118;CLARINS
MY CLARINS LOVELY GLOSS N02*;137;195;1;3380810421071;CLARINS
TEINT EVER LOOSE POWDER 01;305;458;1;3380810482928;CLARINS
TEINT EVER LOOSE POWDER 02;305;458;0;3380810482935;CLARINS
TEINT MATTE LOOSE POWDER 03;305;458;2;3380810482942;CLARINS
OMBRE SPARKLE 101;202;303;1;3380810283341;CLARINS
OMBRE SPARKLE 102;202;303;1;3380810283358;CLARINS
OMBRE SPARKLE 103;202;303;2;3380810283365;CLARINS
JOLI BLUSH 03;274;423;0;3380810309362;CLARINS
JOLI BLUSH 04;274;423;1;3380810309379;CLARINS
JOLI BLUSH 05;274;423;-1;3380810309386;CLARINS
JOLI BLUSH 06;274;423;0;3380810309393;CLARINS
JOLI BLUSH 08;274;423;0;3380810309416;CLARINS
WATER PROOF PENCIL 02;133;229;0;3380810416862;CLARINS
WATER PROOF PENCIL 03;133;229;1;3380810269369;CLARINS
WATER PROOF PENCIL 04;133;229;2;3380810269376;CLARINS
WATER PROOF PENCIL 06;133;229;2;3380810269390;CLARINS
MASCARA VOLUME ;214;344;0;3380810313741;CLARINS
MASCARA LIFT ;214;344;0;3380810483673;CLARINS
MASCARA 4 D;214;344;0;3380810269413;CLARINS
CRAYON YEUX KHOL 01;148;221;0;3380810313802;CLARINS
4 STYLO 01;298;446;1;3380810253566;CLARINS
4 STYLO 02;298;446;1;3380810253573;CLARINS
EYE LINER 01NOIR;202;303;1;3380810314014;CLARINS
BROW DUO 01;205;308;1;3380810387742;CLARINS
BROW DUO 02;205;308;2;3380810387759;CLARINS
BROW DUO 03;205;308;0;3380810387766;CLARINS
HIGHLIGHTER 3 TEINTS;289;434;1;3380810329377;CLARINS
EYE PALETTE ;373;560;0;3380810329353;CLARINS
HIGHLIGHTER BLUSH 02;267;400;0;3380810270013;CLARINS
HIGHLIGHTER BLUSH 01;267;400;0;3380810270006;CLARINS
TEINT LISSE MINUTE BASE COMBLANTE ;237;355;0;3380814700219;CLARINS
DIOR ADDICT EDP 50 ML;890;1335;1;3348901182348;DIOR
JADORE PARFUM DEAU 50 ML;890;1335;0;3348901597722;DIOR
JADORE PARFUM DEAU 100 ML;1237;1856;0;3348901597715;DIOR
GLAM GLOW YOUTHMUD ;432;648;0;889809009007;GLAMGLOW
GLAM GLOW GLITTER MASK ;392;589;2;889809006174;GLAMGLOW
GLAM GLOW  WATERBURST  HYDRATED ;353;530;0;889809005665;GLAMGLOW
GLAM GLOW THIRSTYMUD ;392;589;2;889809001407;GLAMGLOW
GLAMGLOW  INSTAMUD 60-SEC ;287;430;0;889809004958;GLAMGLOW
GLAM GLOW SUPERMUD CLEARING TREATMENT ;392;589;0;889809002619;GLAMGLOW
GLAM GLOW SUPERSERUM 6-ACID REFINING TREATMENT;491;737;0;889809007737;GLAMGLOW
GLAM GLOW SUPERCLEANSE ;259;389;0;889809003791;GLAMGLOW
CREME YEUX ILLUMINATRICE ANTI FATIGUE;313;470;0;889809008086;GLAMGLOW
GLAM GLOW BERRYGLOW PROBIOTIC 75 ML;392;589;1;889809005917;GLAMGLOW
GLAM  GLOW YOUTHPOTION SERUM ;550;825;1;889809011130;GLAMGLOW
 GLAM GLOW GLOWSTARTER  NUDE ;313;470;0;889809002312;GLAMGLOW
 GLAM GLOW GLOWSTARTER  SUN;313;470;1;889809002329;GLAMGLOW
 GLAM  GLOW    GLOWPOWDER ;275;412;2;889809003760;GLAMGLOW
GLAM GLOW SUPERWATER GEL TRIPLE-ACID ;392;589;1;889809010065;GLAMGLOW
 GLAM GLOW  BRIGHT MUD ;392;589;0;889809012762;GLAMGLOW
GLAM GLOW YOUTHCREAM ;427;643;1;889809011697;GLAMGLOW
BEAYTIFUL EDP 50 ML;674;1012;0;887167330436;ESTEE LAUDER
BEAUTIFUL EDP 100 ML;942;1413;0;887167330443;ESTEE LAUDER
PLEASURES INTENSE EDP 50 ML;644;967;0;027131284215;ESTEE LAUDER
PLEASURES EDP 50 ML;706;1059;0;027131043294;ESTEE LAUDER
PLEASURES EDP 100 ML;880;1320;0;027131043317;ESTEE LAUDER
ADVANCED NIGHT REPAIR EYE SERUM;550;825;0;887167031586;ESTEE LAUDER
 PERFECTIONIST PRO SOIN LIFT ET FERMETE RAPIDE ;761;1142;2;887167351929;ESTEE LAUDER
PERFECTIONIST PRO  VITAMIN C  50ML;1410;2115;0;887167412934;ESTEE LAUDER
IDEALIST SERUM 50ML;833;1250;2;027131505518;ESTEE LAUDER
DAYWEAR  ANTI OXYDANT SPF 15 50ML;408;612;1;027131799047;ESTEE LAUDER
ADVANCED NIGHT REPAIR 50ML;1060;1589;0;887167485488;ESTEE LAUDER
PERFECTIONIST SERUM CORRECTEUR  50ML;1048;1626;1;027131935353;ESTEE LAUDER
 PERFECTIONIST SERUM CORRECTEUR 30ML;734;1102;1;027131935346;ESTEE LAUDER
RESELIENCE MULTI-EFFECT PEAUX SECHES ;866;1300;2;887167368651;ESTEE LAUDER
 DAYWEAR CREME SPF 15 P SECHE ;408;612;0;027131763529;ESTEE LAUDER
DAYWEAR CREME HYDRATATION 24H MULTI PRO SPF 15;408;612;1;027131763512;ESTEE LAUDER
 DAYWEAR MATTE GEL CREME  P GRASSES;408;612;1;887167279995;ESTEE LAUDER
 DAYWEAR ANTI-OXIDANT 72H P NORMALES-SECHES;392;589;0;887167388505;ESTEE LAUDER
RESELIENCE CREMEVISAGE ET COU SPF 15 P N ET M ;866;1300;2;887167368637;ESTEE LAUDER
RESILIENCE CREME COUNTOUR DES YEUX;534;801;0;887167368668;ESTEE LAUDER
CRESCENT WHITE SERUM ANTI TACHES TOTAL ECLAT;738;1107;0;887167080904;ESTEE LAUDER
 CRESCENT WHITE EMULSION TOTAL ECLAT;625;938;0;887167164871;ESTEE LAUDER
   REVITALIZING SUPREME CREME DOUCEUR ECLAT;856;1248;0;887167478299;ESTEE LAUDER
 NUTRITIOUS NETTOYANT ENERGISANT ;275;413;0;887167381872;ESTEE LAUDER
 GLAM GLOW FIXATEUR DE MAQUILLAGE;247;353;0;889809003036;GLAMGLOW
CREME ENERGISANTE HYDRATATION LUMIERE;487;731;0;887167381735;ESTEE LAUDER
NUTRITIOUS MASQUE ENERGISANT HYDRATATION LUMIERE ;527;791;0;887167381742;ESTEE LAUDER
MEGA-MUSHROOM  LOTION ;280;420;2;717334229594;ORIGINS
LOTION EXFOLIANTE 1;205;308;0;020714462758;CLINIQUE
LOTION SANS ALCOOL 1.0 CLINIQUE;205;308;3;020714800857;CLINIQUE
LOTION 400 ML 1.0;326;490;1;020714800888;CLINIQUE
LOTION EXFOLIANTE 1 400 ML;326;490;1;020714462710;CLINIQUE
LOTION EXFOLIANTE 2 400 ML;326;490;0;020714462727;CLINIQUE
LOTION EXFOLIANTE 3 400 ML;326;490;0;020714462734;CLINIQUE
LOTION EXFOLIANTE N4 400 ML;326;490;0;020714462741;CLINIQUE
SAVON VISAGE KIQUIDE DOUX 200 ML;197;296;0;020714227661;CLINIQUE
SAVON VISAGE LIQUIDE TRES DOUX 200 ML;197;296;0;020714240158;CLINIQUE
CLEANSING MICELLAR GEL+;221;332;1;020714896447;CLINIQUE
MOUSSE HYDRO DEMAQUILLANTE ;236;355;0;020714015459;CLINIQUE
MASQUE PURIFIANT ANTI BRILLANCE ;259;389;0;020714336615;CLINIQUE
DEMAQUILLANT FACILE YEUX/LEVRES;193;290;0;020714146559;CLINIQUE
CLINIQUE SMART CLINICAL RESCULPT ;700;1050;1;020714985417;CLINIQUE
CLINIQUE SUPERDEFENSE SPF 40  TOUS TYPES DE PEAU ;432;648;1;020714858735;CLINIQUE
CLINIQUE SMART CLINICAL REVOLUMIZE ;700;1050;1;020714985387;CLINIQUE
CLINIQUE SMART CLINICAL DUO ;700;1050;1;020714985509;CLINIQUE
CLINIQUE SUPERDENSE SPF 25  MIXTE A GRASSE ;432;648;2;020714904166;CLINIQUE
CLINIQUE SUPERDEFENSE SPF 25  P TRES SECHE A MIXTE;432;648;0;020714904111;CLINIQUE
SOIN YEUX ANTI POCHES +ANTI CERNES;314;472;0;020714157760;CLINIQUE
DEMAQUILLANT ANTI ROUGEURS;275;412;2;020714297909;CLINIQUE
REDNESS SOLUTIONS CREME QOUTIDIENNE ANTI-ROUGEURS ;472;708;1;020714297923;CLINIQUE
BASE PROTECTRICE ANTI ROUGEURS SPF15;287;431;2;020714305383;CLINIQUE
EVEN BETTER SERUM ANTI-TACHE ;856;1283;2;192333027226;CLINIQUE
GEL ACTION ANTI IMPERFECTIONS 15ML;181;272;0;020714612221;CLINIQUE
GEL ANTI IMPERFECTIONS 30ML;259;389;0;020714653651;CLINIQUE
EXTRACTEUR PONTS NOIRS;259;413;0;020714817909;CLINIQUE
 EVEN BETTER SOIN ECLAT CORRECTION CERNES;369;553;0;020714540227;CLINIQUE
 EVEN BETTER ANTI TACHES CORRECTION TEINT SPF20;487;731;1;020714520854;CLINIQUE
POUDRE MINERALE ANTI ROUGEURS ;314;472;1;020714434878;CLINIQUE
 MOISTURE SURGE MASQUE HYDRATANT  NUIT;307;461;1;020714576219;CLINIQUE
SOIN SOLAIRE LAIT MINERAL CORPS SPF30;236;355;0;020714774127;CLINIQUE
DEODORANT  BILLE;181;272;0;020714007058;CLINIQUE
DEODORANT ROLL ON FOR MEN ;188;283;0;020714131173;CLINIQUE
 FLUIDE HYDRATANT  FOR MEN;338;508;2;020714649562;CLINIQUE
FACE SCRUB  FOR MEN ;232;347;0;020714125608;CLINIQUE
CREME A RASER;173;347;4;020714125622;CLINIQUE
CREME MASSAGE POUR LE CORPS ;323;485;2;020714174231;CLINIQUE
CREME POUR LE CORPS;318;477;1;020714139193;CLINIQUE
LAIT HYDRATANT CORPS;334;501;0;020714374679;CLINIQUE
MASSAGE TONUS;268;402;1;020714091125;CLINIQUE
HAND CREME CLINIQUE;209;314;0;020714389109;CLINIQUE
GEL HYDRATANT BB CLINIQUE;228;342;1;192333011980;CLINIQUE
EMULSION HYDRATANTE CLINIQUE;228;342;3;020714598938;CLINIQUE
 MEGA-MUSHROOM EAU MICELLAIRE;252;378;0;717334211117;ORIGINS
 MEGA-MUSHROOM BRUME HYDRATANTE;197;296;1;717334256163;ORIGINS
 MEGA-MUSHROOM SERUM VISAGE;464;695;1;717334229631;ORIGINS
 MEGA-MUSHROOM GEL LOTION ;491;737;2;717334235472;ORIGINS
 MEGA-MUSHROOM GEL CREME POUR LES YEUX ;389;584;1;717334240490;ORIGINS
 PLANTSCRIPTION ANTI AGING EYE TREATMENT;441;661;0;717334170797;ORIGINS
 MEGA-MUSHROOM CREME APAISANTE ORIGINS;495;742;1;717334235434;ORIGINS
ORIGINAL SKIN SOIN HYDRATANT MAT A LEPILOBE ;260;389;1;717334225671;ORIGINS
ORIGINAL SKIN RENEWAL SERUM ;315;472;2;717334204638;ORIGINS
 ORIGINAL SKIN PORE PERFECTING COOLING;248;371;1;717334231955;ORIGINS
VITAZING HYDRATANT ENERGISANT SPF15;260;389;1;717334162488;ORIGINS
 GINZING HYDRATANT TEINTE SPF40;268;402;0;717334218383;ORIGINS
 GINZING GEL HYDRATANT NON GRAS 30ML;147;220;0;717334243330;ORIGINS
GINZING  GEL HYDRATANT  NON GRAS 50 ML;213;319;0;717334243323;ORIGINS
CREME ENERGISANTE 50 ML;213;319;0;717334243378;ORIGINS
 PLANTSCRIPTION SERUM ACTIF JEUNESSE 50 ML;683;1025;0;717334250444;ORIGINS
PLANTSCRIPTION RETINOL NIGHT 30ML ;550;825;0;717334238688;ORIGINS
PLANTSCRIPTION SERUM ACTIF JEUNESSE 30 ML;479;719;1;717334250475;ORIGINS
PLANTSCRIPTION CREME ANTI AGE INTENSE 50 ML SPF25;491;737;1;717334203631;ORIGINS
  PLANTSCRIPTION CREME NUIT INTENSE 50 ML;510;765;0;717334203600;ORIGINS
 PLANTSCRIPTION  CREME PUISSANTE LIFTING;538;807;0;717334193253;ORIGINS
TONIQUE PURIFIANT  ZERO OIL 150 ML;185;278;2;717334154230;ORIGINS
 CLEAN ENERGY HUILE  NETTOYANTE POUR LE VISAGE ;228;342;1;717334124110;ORIGINS
A PERFECT WORLD LOTION  ANTI-AGE ;237;355;1;717334223073;ORIGINS
APERFECT WORLD ANTIOXIDANT CLEANSER ;248;371;0;717334223066;ORIGINS
GEL TRAITMENT CONTRE LES IMPERFECTIONS;162;243;0;717334169333;ORIGINS
HIGH-POTINCY  NIGHT-A-MINS  RESUFRACING CREAM ;377;566;1;717334237278;ORIGINS
A PERFECT WORLD SPF 40 HYDRATED ;401;602;0;717334218451;ORIGINS
HIGH-POTENCY NIGHT -A-MINS ;377;566;1;717334237339;ORIGINS
DRINK UP MASQUE A LABRICOT ;197;296;0;717334240773;ORIGINS
ORIGINAL SKIN MASQUE A LARGILE ROSE ;197;296;0;717334242272;ORIGINS
GINZING MASQUE PEEL OFF POUR AFFINER ;189;283;0;717334242302;ORIGINS
 OUT OF TROUBLE  P PROBLEME ;197;296;0;717334242296;ORIGINS
CHECKS AND BALANCES FACE SCRUB ;209;314;0;717334253124;ORIGINS
 MEGA-MUSHROOM MASQUE VISAGE ;299;449;0;717334242319;ORIGINS
ORIGINAL SKIN NETTOYANTE A LEPILOBE ;154;231;1;717334226722;ORIGINS
PLANTSCRIPTION NETTOYANT ANTI AGE;275;413;0;717334168800;ORIGINS
 CHECKS AND BALANCES MOUSSE NETTOYANTE ;173;260;0;717334070219;ORIGINS
MOUSSE NETTOYANTE CLARINS;232;347;0;3380810427349;CLARINS
LAIT DEMAQUILLANT 400 ML;296;443;0;3380810378832;CLARINS
LOTION TONIQUE CAMOMILLE   400 ML;296;443;2;3380810378863;CLARINS
LOTION TONIQUE DALOE VERAET FLEUR SAFRAN 200 ML;200;301;0;3380810378825;CLARINS
LOTION  TONIQUE SAFFRAN 400 ML CLARINS;292;443;0;3380810378856;CLARINS
DEPAQUILLANT TONIC EXPRESS 200 ML;220;330;0;3380810147414;CLARINS
LOTION TONIQUE PURIFIANTE 200 ML;200;301;0;3380810378818;CLARINS
CONCENTRE ECLAT AUTOBRONZANT VISAGE 15 ML;225;337;0;3380810449068;CLARINS
LOTION DE JEUNESSE 200 ML;412;618;1;3380810354355;CLARINS
NUTRI LUMIERE JOUR CLARINS;931;1413;2;3380810354294;CLARINS
NUTRI LUMIERE NUIT CLARINS;985;1485;1;3380810354331;CLARINS
NUTRI LUMIERE REVIVE CLARINS;942;1413;1;3666057020070;CLARINS
SERUM REMODELANT  CONTOURS PARFAITS;506;758;1;3380810270990;CLARINS
MULTI ACTIVE NUIT ;535;852;0;3380810045345;CLARINS
MULTI ACTIVE JOUR;497;791;2;3380810045239;CLARINS
MULTI ACTIVE JOUR CLARINS ;497;791;1;3380810045215;CLARINS
MULTI ACTIVE JOUR SPF 20;497;791;1;3380810063394;CLARINS
EXTRA FIRMING JOUR SPF15;620;983;0;3380810194807;CLARINS
EXTRA FIRMING NUIT ;660;1055;1;3380810194838;CLARINS
EXTRA FIRMING JOUR;620;983;2;3380810194791;CLARINS
EXTRA FIRMING ENERGY;620;960;0;3380810421590;CLARINS
EXTRA FIRMIN JOUR ANTI RIDES;620;983;1;3380810194784;CLARINS
HYDRA ESSENTIEL PEAUX NORMALES A SECHES;349;551;0;3380810109009;CLARINS
HYDRA ESSENTIEL SPF15;349;551;0;3380810109047;CLARINS
HYDRA ESSNTIEL PEAUX MIXTES;349;551;1;3380810449518;CLARINS
CONCENTRE LOCALISE ANTI TACHES;214;321;1;3380810265101;CLARINS
TOTAL EYE HYDRATE;304;456;2;3666057012839;CLARINS
BI SERUM INTENSIF ANTI SOIF;427;684;2;3380810108996;CLARINS
SERUM ANTI TACHES CLARINS;566;850;1;3380810006681;CLARINS
FEL YEUX ANTI POCHES;304;456;0;3666057012822;CLARINS
BAUME A LEVRES ;140;224;0;3380810206012;CLARINS
EXTRA FIRMING PHYTO SERUM;566;850;0;3380810272284;CLARINS
TOTAL EYE CLARINS;360;540;0;3666057012846;CLARINS
TOTAL EYE SMOOTH;456;684;0;3666057012853;CLARINS
CREME RICHE JEUNESSE DU CORPS;464;697;1;3380811564104;CLARINS
GOMMAGE EXFOLIANT;316;486;0;3380810157475;CLARINS
CREME ANTI RONDEURS ;419;648;0;3380811591100;CLARINS
SOIN JEUNESSE COU DECOLLETE;575;863;2;3380810343281;CLARINS
BODY FIT CLARINS;432;648;0;3380810120325;CLARINS
CREME JEUNESSE DES PIEDS;225;337;0;3380811563107;CLARINS
EXPERT VERGETURES BODY CREME;432;648;0;3380810277807;CLARINS
EAU EN BRUME SOLAIRE;240;360;0;3380810374421;CLARINS
LAIT EN SPRAY SOLAIRE;240;360;0;3380810305050;CLARINS
BAUME APRES SOLEIL;240;360;0;3380810305098;CLARINS
GEL ENERGISANT YEUX;372;576;0;3380810427783;CLARINS
RASAGE IDEAL CLARINS;162;243;1;3380810068719;CLARINS
SHAMPOOING DOUCHE;213;319;1;3380810232424;CLARINS
GEL SUPER HYDRATANT;307;486;1;3666057019050;CLARINS
GEL ENERGISANT CLARINS MEN;372;594;1;3380810427776;CLARINS
COMFORT SCRUB CLARINS;233;360;0;3380810332315;CLARINS
SOS COMFORT AU BEURRE DE MANGE;295;456;0;3380810177565;CLARINS
SOS HYDRA ;295;456;1;3380810177572;CLARINS
FRSH SCRUB CLARINS;233;360;1;3380810332285;CLARINS
COFFRET EXTRAT FIRMING EEFET LIFT;668;1003;0;3666057114304;CLARINS
DOUBLE SERUM EYE;592;887;0;3666057122514;CLARINS
MY CLARINS COLLECTION;374;562;0;3666057114397;CLARINS
COLLECTION MULTI ACTIVE;538;806;0;3666057114298;CLARINS
MASCARA SUPRA VOLUME;233;349;0;3666057114465;CLARINS
COLLECTION MULTI INTENSIVE ;830;1246;1;3666057090622;CLARINS
TOTAL EYE LIFT;602;904;0;3666057114335;CLARINS
HYDRA ESSENTIEL;374;562;0;3666057114373;CLARINS
EMULSION EN HUILE VISAGE;505;758;2;3380810334357;CLARINS
HUILE SANTAL VISAGE ;342;540;2;3380810329841;CLARINS
HUILE DE SAUGE ESSENTIEL;466;745;1;3380810439670;CLARINS
GEL ANTI ROUGEURS ;535;803;2;3380810439663;CLARINS
EMULSION APAISANTE DE SAUGE;349;551;2;3380810439656;CLARINS
BAUME CICA REPARATEUR;264;396;1;3666057027147;CLARINS
ECRAN HYDRATANT SPF 50;414;684;0;3380810424089;CLARINS
BRUME HYDRATANTE MY CLARINS;151;242;0;3380810258257;CLARINS
MY CLARINS ;151;242;1;3666057025310;CLARINS
POUDRE EXFOLIANTE ECLAT MY CLARINS;194;292;1;3380810346688;CLARINS
MASQUE DEFATIGANT ECLAIR MY CLARINS;161;242;2;3380810437867;CLARINS
EAU LACTEE MICELLAIRE DEMAQUILLANTE MY CLARINS;151;242;1;3380810258264;CLARINS
GEL CREME BONNE MINE TEINTE;193;312;2;3380810435313;CLARINS
EAU MICELLAIRE DEMAQUILLANTE MY CLARINS;154;241;1;3380810437843;CLARINS
ROLL ON YEUX DEFARIGANT MY CLARINS;151;242;1;3380810435320;CLARINS
GOMME PORES ET MATITE MY CLARINS;132;198;0;3380810258288;CLARINS
 CREME FRAICHEUR HYDRATANTE ;194;312;0;3380810258219;CLARINS
SOIN CIBLE IMPERFECTIONS ;132;198;1;3380810258295;CLARINS
MASQUE NUIT RELAXANT MY CLARINS;210;337;0;3380810258240;CLARINS
CREME CONFORT HYDRATANTE;194;312;0;3380810258226;CLARINS
DIOR HOMME SPORT 75 ML;688;1030;1;3348901580076;DIOR
DIOR HOMME SPORT 125 ML;966;1449;1;3348901580069;DIOR
MULTI INTENSIVE CREME NUIT PEAUX SECHES 50 ML;896;1345;3;3666057064555;CLARINS
MULTI INTENSIVE CREME JOUR TOUTESPEAUX 50 ML;847;1271;3;3666057064494;CLARINS
MULTI INTENSIVE CREME JOUR PEAUX SECHES 50 ML;847;1271;3;3666057064500;CLARINS
MULTI INTENSIVE CREME JOUR SPF 15 50 ML;847;1271;0;3666057064517;CLARINS
MULTI ITENSIVE  NUIT TOUTES PEAUX 50 ML;896;1345;0;3666057064548;CLARINS
CREME ROSELUMIERE 50 ML;784;1246;0;3380810303018;CLARINS
coffret baiser vole 100 ml+bm100ml;1172;1562;0;3432240504920;CARTIER
COFFRET FRT EDT 100 ML;1034;1378;0;3348901636919;DIOR
COFFRET TERRE DHERMES 75 ML EDT;840;1120;0;3346130413059;HERMES
COFFRET  BLACK ORCHID EDP 50 ML;1105;1473;0;888066140881;TOM FORD
COFFRET OMBRE LEATHER 100 ML;1546;2061;0;888066141178;TOM FORD
COFFRET PAHA NOIRE 100 ML EDT;882;1176;0;3432240506412;CARTIER
COOFRET MISS DIOR EDP 50 ML;1040;1386;0;3348901637275;DIOR
COFFRET GUILTY EDP 90 ML;1087;1449;0;3616303784775;GUCCI
COOFRET GUCCI FLORA JASMINE;1012;1518;0;3616303784966;GUCCI
COFFRET GUCCI FLORA GARDENIA ;1087;1449;0;3616303784812;GUCCI
COFFRET DECLARATION EDT;882;1175;0;3432240505811;CARTIER
COOFRET LA PANTHERE EDP 50 ML;847;1129;0;3432240505842;CARTIER
her intense;482;720;0;5306390546;BURBERRY
GUCCI BLOOM EDP100ML;1073;1609;3;8005610481005;GUCCI
GUCCI BLOOM EDP 50ML;815;1222;1;8005610481043;GUCCI
GUCCI FLORA JASMINE 100ML ;1072;1609;1;3616303048181;GUCCI
GUCCI INTENSE OUD 90ML;1264;1895;0;8005610328256;GUCCI
GUCCI GUILTY EDT 75ML;754;1131;0;737052338262;GUCCI
GUCCI GUILTY EDT50ML ;654;981;0;3616301976110;GUCCI
GUCCI GUILTY EDT90ML;860;1290;0;3616301976141;GUCCI
GUCCI GUILTY P 150ML;1110;1665;0;3616301794592;GUCCI
GUCCI GUILTY P 90ML;967;1451;0;3616301794608;GUCCI
GUCCI GUILTY P 50ML;692;1039;3;3616301794615;GUCCI
GUCCI GUILTY EDP 150ML ;982;1473;0;3614229382167;GUCCI
GUCCI GUILTY EDP 50ML;594;891;0;3614229382112;GUCCI
GUCCI GUILTY EDT 50ML;533;799;3;737052339207;GUCCI
SHOW ME LOVE EDP100ML;612;927;0;3616303549992;ESCADA
SHOW ME LOVE EDP 50ML;389;583;0;3616303452421;ESCADA
COFFRET ESCADA;328;491;0;3616303784676;ESCADA
 COFFRET GUCCI GUILTY EDT;700;1050;0;3616303465063;GUCCI
COFFRET GUCCI GUILTY EDP ;806;1209;0;3616303465087;GUCCI
HERMES H 24 EDP 100ML;781;1172;0;3346130413752;HERMES
TERRE DHEMES P 75ML;805;1207;0;3346130013495;HERMES
DEODORANT SPRAY 150ML;266;399;0;3346130413639;HERMES
PASHA DE CARTIER EDITION NOIR 100ML ;784;1175;0;3432240033741;CARTIER
INTERDIT ROUGE EDP 35ML;611;916;0;3274872428034;GIVENCHY
INTERDIT ROUGE 50ML;827;1240;0;3274872428041;GIVENCHY
INTERDIT ROUGE 80ML;1008;1455;0;3274872428058;GIVENCHY
LINTERDIT EDP 35ML;593;889;0;3274872372139;GIVENCHY
LINTERDIT EDP 80ML;1031;1546;0;3274872372153;GIVENCHY
LINTERDIT HUILE DE DOUCHE 200ML;394;590;1;3274872443853;GIVENCHY
LINTERDIT LE LAIT DE CORPS;434;652;0;3274872443839;GIVENCHY
LINTERDIT DEODORANT ;368;553;0;3274872443860;GIVENCHY
LINTERDIT EDP INTENSE 35ML;640;959;0;3274872411678;GIVENCHY
LINTERDIT EDP 50ML INTENSE ;866;1300;0;3274872411685;GIVENCHY
LINRERDIT EDP 80ML INTENSE ;1057;1586;0;3274872411692;GIVENCHY
IRRESISTIBLE EDP 35ML;593;889;0;3274872400719;GIVENCHY
IRRESISTIBLE EDP 50ML;846;1269;0;3274872400726;GIVENCHY
TARTINE ET CHOCOLAT EDT100ML;416;625;0;3274870103667;GIVENCHY
GENTLEMAN EDP 60ML;721;1082;0;3274872424982;GIVENCHY
GENTLEMEN PRIVEE EDP 60ML;721;1082;3;3274872439061;GIVENCHY
GENTLEMAN EDT INTENSE 60ML ;649;974;0;3274872422995;GIVENCHY
BURBERRY HER ELIXIR  50ML;761;1141;0;3616304061936;BURBERRY
BURBERRY HER ELIXIR 100ML ;1013;1519;0;3616304061943;BURBERRY
BURBERRY EDT100ML;731;1096;0;3614227413399;BURBERRY
MY BURBERRY EDP 50ML;685;1028;0;3614226905994;BURBERRY
MY BERBERRY BLUSH EDP 50ML;685;1028;0;3614229829037;BURBERRY
BURBERRY HERO EDP 50ML;662;994;0;3614228838030;BURBERRY
BURBERRY HERO EDP 100ML;920;1381;0;3614228838016;BURBERRY
BURBERRY HERO EDP 150ML;1110;1665;2;3614228837996;BURBERRY
COFFRET L.12.12 BLANC ;563;844;0;3616303464783;LA COSTE
COFFRET BURBERRY HER 50ML;647;970;0;3616304254260;BURBERRY
COFFRET BOSS BOTTLED  EDP100ML;738;1107;0;3616304099397;BOSS
TOM FORD VELVET ORCHID EDP 50ML;1063;1595;0;888066023948;TOM FORD
TOM FORD VELVET ORCHID 100ML;1496;2245;0;888066023955;TOM FORD
TOM FORD E D SOLEIL BLANC EDT 100ML;1374;2061;0;888066075114;TOM FORD
TOM FORD NOIR EDP 50ML;1063;1595;1;888066035361;TOM FORD
TOM FORD NOIR EDP 100ML;1496;2245;1;888066035392;TOM FORD
TOM FORD OMBRE LEATHER EDP 50ML;1063;1595;0;888066075138;TOM FORD
BOSS THE SCENT MAGNETIC EDP 50ML;655;983;0;3616304247743;BOSS
BOSS THE SCENT MAGNETIC EDP100ML;890;1336;0;3616304247644;BOSS
BOSS BOTTLED P 50ML;571;857;0;3616303173081;BOSS
BOSS BOTTLED EDP 50ML;548;822;0;3614229828559;BOSS
PERFECT EDP INTENSE 50ML;808;1211;0;3616302780037;MARC JACOBS
PERFECT EDP 100ML;1050;1575;1;3616302779994;MARC JACOBS
PERFECT EDP 30ML;487;731;0;3616302777228;MARC JACOBS
PERFECT EDP 50ML;731;1096;0;3614227086029;MARC JACOBS
DAISY EAU SO INTENSE 50ML;722;1084;0;3616301776017;MARC JACOBS
EAU SO INTENSE 100ML;943;1415;2;3616301776024;MARC JACOBS
MISS DIOR BLOOMING BOUQUET EDT 50ML;755;1132;0;3348901627368;DIOR
MISS DIOR BLOOMING BOUQUET 150ML;1250;1875;1;3348901627382;DIOR
FOREVER AND EVER DIOR EDT100ML;992;1488;0;3348900921429;DIOR
JADORE EDP50ML;867,6;1293;0;3348900417885;DIOR
JADORE EDP 100ML;1192,8;1777;0;3348900417878;DIOR
JADORE EDP INFINISSIME 100ML;1229;1842;0;3348901521512;DIOR
JADORE EDT 50ML;712;1067;0;3348901296625;DIOR
MISS DIOR CREME POUR LE CORPS 150ML;664,8;989;1;3348901356510;DIOR
MISS DIOR PARFUM POUR LES CHEVEUX 30ML;408;607;0;3348901255820;DIOR
DIOR JOY INTENSE 90ML;1206;1808;0;3348901487528;DIOR
DIOR ADDICT  EAU FRAICHE 100ML;1012;1516;1;3348901182362;DIOR
SAUVAGE ELIXIR 100ML;1702;2552;0;3348901640916;DIOR
PERFECT MARC JACOP EDP 100ML;652;1427;0;3614227086227;MARC JACOBS
DOUX NETTOYANT MOUSSANT HYDRATANT 125ML;208;311;0;3380810427325;CLARINS
DOUX NETTOYANT MOUSSANT APAISANT 125ML;208;311;0;3380810427332;CLARINS
DOUX NETTOYANT GOMMANT EXPRESS 125ML;272;409;0;3666057125669;CLARINS
DOUBLE SERUM 30ML;725;1087;0;3380810149661;CLARINS
DOUBLE SERUM 50ML;994;1490;0;3380810149678;CLARINS
DOUBLE SERUM 75ML;1189;1784;0;3380810426922;CLARINS
SUPRA SERUM LIFT-REMODELANT 50ML;1225;1838;1;3380810013269;CLARINS
BRIGHT PLUS SERUM 30ML ;582;873;1;3666057040221;CLARINS
BRIGHT PLUS EMULISION HYDRATANTE ANTI-TACHES 75ML;376;563;0;3666057023378;CLARINS
HUILE TONIC 100ML;497;745;2;3666057031076;CLARINS
HUILE RELAX 100ML;494;745;2;3666057031137;CLARINS
HUILE ANTI -EAU 100ML;497;745;2;3666057031182;CLARINS
BAUME-HUILE HYDRATANT TONIC 200ML;391;587;0;3666057031335;CLARINS
EAU EXTRAORDINAIRE 100ML;440;671;0;3666057026164;CLARINS
EAU EXTRAORDINAIRE CREME VELOUTEE  200ML ;391;587;3;3666057026287;CLARINS
DOUBLE SERUM EYE 20ML;602;904;0;3380810463170;CLARINS
BODY FIRMING CREME LIFT-FERMETE 200ML;505;758;2;3666057035975;CLARINS
BODY FIRMING GEL LIFT-FERMETE ZONES CIBLEES 150ML;424;635;2;3666057035982;CLARINS
DEODORANT ROLL-ON 50ML ;188;283;0;3666057007477;CLARINS
CREME JEUNESSE DES MAINS 100ML;188;283;0;3380810469585;CLARINS
CREME JEUNESSE DES PIEDS125ML;228;342;2;3666057041150;CLARINS
CLINIQUE HAPPY FOR MEN 50ML;472;707;2;020714080303;CLINIQUE
CLINIQUE HAPPY FOR MEN 100ML ;670;1004;0;020714080310;CLINIQUE
CLINIQUE HAPPY  PARFUM SPRAY 50ML ;518;778;1;020714052959;CLINIQUE
CLINIQUE HAPPY PARFUM SPRAY 100ML ;691;1037;1;020714156893;CLINIQUE
CLINIQUE CLARIFYING LOTION 2 ;205;308;0;020714462765;CLINIQUE
CLINIQUE CLARIFYING LOTION 4;212;319;-1;020714462789;CLINIQUE
MOISTURE SURGE INTENSE 50ML;299;448;0;192333042809;CLINIQUE
MOISTURE SURGE ;345;518;0;020714851125;CLINIQUE
ADVANCED NIGHT REPAIR 75ML;1296;1944;0;887167485501;ESTEE LAUDER
ADVANCED NIGHT MICRO CLEANCING FOEM 100ML;330;495;0;887167223769;ESTEE LAUDER
PERFECTLY CLEAN 150ML;275;412;-2;027131987840;ESTEE LAUDER
PERFECTLY CREME NETTOYANTE 150ML;275;412;0;027131987857;ESTEE LAUDER
PERFECTLY CLEAN LOTION TONIQUE 200ML;275;412;3;027131988137;ESTEE LAUDER
SOFT CLEAN TONIQUE DOUCEUR HYDRATANT400ML;306;459;3;027131306016;ESTEE LAUDER
ORIGINS GINZING GLOW-BOOSTING;236;353;0;717334262157;ORIGINS
 DRINK UP  INTENSIVE 75ML;228;342;0;717334240780;ORIGINS
STICK SOLAIRE INVISIBLE ;245;367;0;3380810374353;CLARINS
ACQUA DI PARMA LEATHER EDP 100ML;1696;2543;1;8028713810619;AQUA DI PARMA
LOTION APRES -RASAGE 100ML ;534;777;2;3348901419161;DIOR
EVEN  BETTER  CORRECTION ANTI-TACHES SPF20;500;731;0;020714395230;CLINIQUE
LAIT DEMAQUILLANT 200ML;196;293;0;3380810378795;CLARINS
DEMAQUILLANT EXPRESS 125;224;337;0;3380811183107;CLARINS
CLINIQUE MOISTURE SURGE 50ML;299;448;0;192333066935;CLINIQUE
CLINIQUE CC CREAM SPF 30 ;287;430;1;020714656034;CLINIQUE
MOISTURE SURGE EYE ;323;484;0;020714984236;CLINIQUE
COFFRET GIVENCHY 50ML ;803;1205;0;3274872453968;GIVENCHY
COFFRET HERMES   TWILLY 50ML;672;1008;0;3346130412939;HERMES
COFFRET GENTLEMEN 100ML;890;1334;0;3274872453937;GIVENCHY
COFFRET HUGO MAN 75ML;442;663;0;3616304099496;BOSS
COFFRET BOSS THE SCENT 50ML;549;823;0;3616304099434;BOSS
COFFRET BURBERRY ELIXIR 100ML ;1012;1518;0;3616304254284;BURBERRY
IRRESISTIBLE VELVET 35ML;618;927;0;3274872447547;GIVENCHY
IRRESISTIBLE VELVET 50ML;846;1269;0;3274872447554;GIVENCHY
IRRESISTIBLE VELVET 80ML;1031;1546;1;3274872447561;GIVENCHY
BLOOM INTENSE 30ML;632;949;0;3616304249693;GUCCI
BLOOM INTENSE 50ML ;899;1348;0;3616304249709;GUCCI
BLOOM INTENSE 100ML ;1180;1769;2;3616304249716;GUCCI
LINTERDIT MILLESIME 50ML;803;1204;0;3274872459618;GIVENCHY
GENTLEMAN SOCIETY 60ML;704;1057;0;3274872448773;GIVENCHY
GENTLEMAN SOCIETY 100ML ;935;1402;0;3274872448780;GIVENCHY
COFFRET IRRESISTIBLE;872;1472;0;3274872454057;GIVENCHY
COFFRET PERFECT MARC J;710;1346;0;3616302939428;MARC JACOBS
HUGO JEANS;441;662;0;3616304062483;BOSS
HUGO JEANS EDT 125ML;587;880;0;3616304062490;BOSS
NOMADE JASMIN INTENSE;814;1220;0;3616303459666;CHLOE
NOMADE JASMIN;1133;1699;0;3616303459673;CHLOE
LA COSTE ROSE;464;696;0;3616303459956;LA COSTE
LA COSTE ROSE L212;578;867;0;3616303459949;LA COSTE
LA COSTE BLANC;449;673;0;3616303459901;LA COSTE
LA COSTE BLANC 212;563;844;0;3616303459895;LA COSTE
PASHA ABSOLU;707;1060;2;3432240507136;CARTIER
PASHA ABSOLU 100ML;1027;1541;0;3432240507129;CARTIER
PASHA PARFUM;1210;1814;0;3432240506269;CARTIER
COFFRET PASHA NOIRE;822;1233;1;3432240506795;CARTIER
COFFRET PASHA PARFUM;1027;1541;0;3432240506788;CARTIER
COFFRET LA PANTHERE PARFUM;1096;1643;0;3432240506856;CARTIER
COFFRET LA PANTHERE EDP;1073;1609;0;3432240506870;CARTIER
COFFRET H24 EDP;821;1231;0;3346130417149;HERMES
COFFRET TWILLY EDP;706;1058;0;3346130417088;HERMES
YELLOW DREAM;706;1100;0;3614273261357;VALENTINO
DONNA PINK PP;1101;1720;0;3614274066951;VALENTINO
DONNA INTENSE;1101;1720;0;3614273790840;VALENTINO
ROCKSTUD NOIR;775;1100;0;3614274066944;VALENTINO
SI EDP;468;730;0;3605521816511;GIORGIO ARMANI
SI EDP 50 ML;666;1040;0;3605521816580;GIORGIO ARMANI
SI EDP 100 ML;900;1400;0;3605521816658;GIORGIO ARMANI
SI ECLAT;666;1040;0;3614273604925;GIORGIO ARMANI
SI ECLAT 100 ML;900;1400;0;3614273604888;GIORGIO ARMANI
SI PASSIONE EDP;666;1040;0;3614271994806;GIORGIO ARMANI
SI INTENSE 50 ML;771;1200;2;3614273734790;GIORGIO ARMANI
SI INTENSE 100 ML;1008;1540;0;3614273734875;GIORGIO ARMANI
MY WAY EDP 30 ML;468;730;0;3614272907652;ESTEE LAUDER
MY WAY EDP 50 ML;666;1040;0;3614272907676;GIORGIO ARMANI
MY WAY EDP 90 ML;900;1400;2;3614272907690;GIORGIO ARMANI
MY WAY INTENSE 50 ML;771;1200;0;3614273347846;GIORGIO ARMANI
MY WAY INTENSE 90 ML;1008;1570;3;3614273347839;GIORGIO ARMANI
MY WAY PARFUM 50 ML;801;1250;2;3614273844666;GIORGIO ARMANI
MY WAY PARFUM 90 ML;1024;1600;1;3614273927352;GIORGIO ARMANI
MY WAY FLORAL 50 ML;666;1040;0;3614273673860;GIORGIO ARMANI
MY WAY FLORAL 90 ML;900;1400;0;3614273673846;GIORGIO ARMANI
ACQUA DI GIO EDP 75ML;644;1000;0;3614273662475;GIORGIO ARMANI
ACQUA DI GIO EDP 125ML;783;1220;1;3614273662420;GIORGIO ARMANI
ACQUA DI GIO PROFONDO ;644;1000;0;3614272865228;GIORGIO ARMANI
ACQUA DI GIO PROFONDO 125ML;783;1230;0;3614272865235;GIORGIO ARMANI
ARMANI CODE EDT;641;1000;2;3614273636568;GIORGIO ARMANI
ARMANI CODE EDT 125ML;782;1220;0;3614273636513;GIORGIO ARMANI
ARMANI CODE PARFUM;801;1250;0;3614273604833;GIORGIO ARMANI
ARMANI CODE  PARFUM 125ML;1024;1600;0;3614273604932;GIORGIO ARMANI
LIBRE PARFUM;849;1320;0;3614273776110;YVESSAINTLAURENT
LIBRE PARFUM 90 ML;1147;1790;0;3614273776127;YVESSAINTLAURENT
LIBRE EDP 30 ML;511;790;0;3614272648401;YVESSAINTLAURENT
Y LE PARFUM;720;1120;0;3614273316132;YVESSAINTLAURENT
Y LE PARFUM 100 ML;972;1500;0;3614273318105;YVESSAINTLAURENT
Y EDP ;591;920;0;3614272050341;YVESSAINTLAURENT
Y EDP 100 ML;807;1250;0;3614272050358;YVESSAINTLAURENT
Y EDP INTENSE;720;1120;0;3614273898461;YVESSAINTLAURENT
Y EDP INTENSE 100ML;972;1500;0;3614273898478;YVESSAINTLAURENT
BLACK OPIUM EDP;706;1100;0;3365440787919;YVESSAINTLAURENT
BLACK OPIUM EDP 90 ML;922;1430;0;3365440787971;YVESSAINTLAURENT
MON PARIS EDP;706;1100;0;3614270561658;YVESSAINTLAURENT
MON PARIS EDP 90 ML;922;1430;0;3614270561634;YVESSAINTLAURENT
MON PARIS FLORAL;922;1430;0;3614272491359;YVESSAINTLAURENT
LA VIE EST BELLE CRISTAL;641;1000;0;3614273357203;LANCOME
LA VIE EST BELLE CRISTAL 100ML;929;1450;3;3614273357197;LANCOME
LA VIE EST BELLE EN ROSE;520;820;0;3614272520868;LANCOME
LA VIE EST BELLE EN ROSE 100ML;705;1100;0;3614272520875;LANCOME
LA VIE EST BELLE INTENSEMENT;540;840;0;3614272964662;LANCOME
LA VIE EST BELLE IRIS ABSOLU;540;840;0;3614273922951;LANCOME
LA VIE EST BELLE IRIS ABSOLU 50ML;706;1100;0;3614273922968;LANCOME
LA VIE EST BELLE EDP 30 ML;483;750;0;3605532612690;LANCOME
LA VIE EST BELLE EDP 50 ML;641;1000;0;3605532612768;LANCOME
LA VIE EST BELLE EDP 100 ML;929;1450;0;3605533286555;LANCOME
LA NUIT TRESOR EDP;641;1000;0;3605533315224;LANCOME
TRESOR MIDNIGHT ROSE;403;630;0;3605532423142;LANCOME
TRESOR MIDNIGHT ROSE 50ML;576;900;0;3605532423203;LANCOME
TRESOR MIDNIGHT ROSE 75 ML;677;1050;0;3605532423265;LANCOME
STRONGER WITH YOU EDT 50ML;434;680;0;3605522040281;EMPORIO ARMANI
STRONGER WITH YOU ABSOLUTELY;504;790;0;3614273335812;EMPORIO ARMANI
IDOLE LA POWER CREME;339;530;2;3614273095808;LANCOME
IDOLE EDP NECTAR 50ML;641;1000;0;3614273749459;LANCOME
IDOLE EDP NECTAR 100 ML;929;1450;2;3614273749558;LANCOME
IDOLE LE PARFUM 50 ML;641;1000;0;3614272629370;LANCOME
IDOLE LE GRAND PARFUM ;929;1450;0;3614273069175;LANCOME
IDOLE AURA 50 ML;641;1000;0;3614273476287;LANCOME
IDOLE AURA 100 ML;929;1450;3;3614273476164;LANCOME
FLORA MAGNOLIA;571;857;0;3616303470869;GUCCI
FLORA MAGNOLIA 50 ML;815;1222;0;3616303470906;GUCCI
FLORA MAGNOLIA 100 ML;1073;1609;1;3616303470791;GUCCI
BURBERRY GODDESS;548;823;0;3616302020645;BURBERRY
BUREBERRY GODDESS 50 ML;799;1199;0;3616302020676;BURBERRY
BURBERRY GODDESS 100 ML;1058;1588;0;3616302020652;BURBERRY
DONNA ;775;1210;0;3614273790857;VALENTINO
V INTENSE ;551;860;0;3614273790864;VALENTINO
DONNA EDP 100ML;1001;1560;0;3614272761445;VALENTINO
DONNA EDP50ML;706;1100;0;3614272761438;VALENTINO
DONNA CORAL FANTASY ;497;780;0;3614273672481;VALENTINO
VALENTINO EDP INTENSE ;778;1200;3;3614273459068;VALENTINO
V  EDP INTENSE;1101;1720;0;3614273459051;VALENTINO
VOCE VIVA EDP 30ML;497;780;0;3614273073875;VALENTINO
V VOCE VIVA EDP ;706;1100;0;3614273073882;VALENTINO
VOCE EDP ;1001;1560;3;3614273073899;VALENTINO
V YELLOW DREAM ;519;810;0;3614273261432;VALENTINO
UOMO YELLOW DREAM ;706;1100;0;3614273261425;VALENTINO
V  UOMO INTENSE ;621;970;0;3614273790833;VALENTINO
VALENTINO UOMO INTENSE ;775;1210;0;3614273790826;VALENTINO
EDT 50ML;519;810;0;3614272761452;VALENTINO
V EDT100ML ;706;1100;0;3614272761469;VALENTINO
V CORAL FANTASY ;519;810;0;3614273672122;VALENTINO
V EDT 100ML;706;1100;0;3614273672412;VALENTINO
IDOLE NOW ;641;1000;0;3614273927338;LANCOME
IDOLE NOW 100ML ;929;1450;2;3614273927321;LANCOME
STRANGER EDT 100ML;583;910;0;3605522040588;EMPORIO ARMANI
LA NUIT DE LHOMME ;735;1140;0;3614273346719;YVESSAINTLAURENT
LA NUIT EDT 60ML;540;840;0;3614273346702;YVESSAINTLAURENT
LHOMME ;857;1340;0;3614273668743;YVESSAINTLAURENT
LHOMME EDP ;641;1000;0;3614273668750;YVESSAINTLAURENT
LHOMME P ;641;1000;0;3614272890633;YVESSAINTLAURENT
LHOMME LE PARFUM;857;1340;0;3614272890626;YVESSAINTLAURENT
LA NUIT DE LHOMME EDT;540;840;0;3365440375055;YVESSAINTLAURENT
LA NUIT EDT;735;1140;0;3365440375079;YVESSAINTLAURENT
LA NUIT LE PARFUM;641;1000;0;3365440621015;YVESSAINTLAURENT
LA NUIT DE LHOMME LE PARFUM ;857;1340;0;3365440621053;YVESSAINTLAURENT
LHOMME EDT;540;840;0;3365440316546;YVESSAINTLAURENT
LHOMME EDT 100ML ;735;1140;0;3365440316560;YVESSAINTLAURENT
BRUME  CHEVEUX ;368;570;3;3614271987952;YVESSAINTLAURENT
EAU DE PARFUM ;501;780;0;3365440787858;YVESSAINTLAURENT
PARFUM FLORAL ;922;1430;1;950921022;YVESSAINTLAURENT
COFFRET TERRE DHERMES ;836;1255;0;3346130423157;HERMES
COFFRET TUTTI TWILLY;965;1447;0;3346130422846;HERMES
COFFRET TWILLY ;965;1447;0;3346130422785;HERMES
COFFRET TERRE DHERMES P;862;1292;0;3346130422839;HERMES
TUTTI TWILLY ;918;1377;3;3346130422495;HERMES
TUTTI TWILLY 30ML;491;691;0;3346130422471;HERMES
LINTERDIT ULTIME EDP 35ML ;640;959;0;3274872456327;GIVENCHY
COFFRET LINTERDIT ;866;1300;0;3274872463134;GIVENCHY
COFFRET GENTELMAN SOCIETY ;739;1109;0;3274872476899;GIVENCHY
COFFRET LA VIE EST BELLE ;662;1000;0;3614274078138;LANCOME
COFFRET VALENTINO ;730;1100;0;3614274103458;VALENTINO
COFFRET GIORGIO ARMANI ;1060;1600;0;3614274109856;GIORGIO ARMANI
STRONGER WITH YOU ;471;740;0;3614274109863;EMPORIO ARMANI
COFFRET LIBRE ;801;1200;0;3614274093162;YVESSAINTLAURENT
COFFRET MY WAY ;931;1400;0;3614274109788;GIORGIO ARMANI
COFFRET ACQUA DI GIO ;810;1200;0;3614274109986;GIORGIO ARMANI
COFFRET MY WAY EDP ;689;1040;0;3614274109771;GIORGIO ARMANI
COFFRET LA VIE 100ML;961;1450;0;3614274078510;LANCOME
COFFRET LA NUIT DE LHOMME ;760;1140;0;3614274093117;YVESSAINTLAURENT
COFFRET SI ;931;1400;0;3614274110258;GIORGIO ARMANI
COFFRET IDOLE ;665;1000;0;3614274078466;LANCOME
COFFRET GIORGIO ARMANI 75ML ;665;1000;0;3614274109979;GIORGIO ARMANI
STRONGER WITH YOU 100ML ;603;910;0;3614274109894;EMPORIO ARMANI
COFFRET IDOLE 100ML ;961;1450;0;3614274078442;LANCOME
COFFRET CORAL FANTASY ;536;810;0;3614274103496;VALENTINO
COFFRET YVESSAINT LAURENT ;834;1250;0;3614274093032;YVESSAINTLAURENT
COFFRET LIBRE 90ML;1005;1500;0;3614274093148;YVESSAINTLAURENT
COFFRET BLACK OPIUM ;953;1430;0;3614274093186;YVESSAINTLAURENT
COFFRET MON PARIS ;730;1100;0;3614274094633;YVESSAINTLAURENT
COFFRET LIBRE  EDP ;1005;1500;0;3614274093087;YVESSAINTLAURENT
cc cream spf30;0;430;-1;020714656041;CLINIQUE
ADDICT EDT 50 ML;725;1087;3;3348901206167;DIOR
LAIT CORPS MISS DIOR;0;700;1;3348901368230;DIOR
PURE POISON EDP 100ML;0;1754;0;3348900606715;DIOR
DOUBLE SERUM 50 ML;1030;1490;0;3666057106965;CLARINS
PROGRAMME EYE LIFT;614;922;1;3666057210099;CLARINS
DOUBLE SERUM COFFRET;1030;1544;0;3666057210044;CLARINS
COLLECTION EAU EXTRAORDINAIRE;448;671;0;3666057210211;CLARINS
BRUME CHEVEUX;424;632;0;3348901497282;DIOR
TOM FORD CAFE ROSE EDP 100 ML;1496;2245;3;888066144599;TOM FORD
TOM FORD GREY VETIVER FOR MEN 50 ML ;1063;1595;3;888066006743;TOM FORD
TOM FORD GREY  VETIVER FOR MEN 100 ML;1496;2245;0;888066007795;TOM FORD
TOM FORD COSTA AZZURRA PARFUM 100 ML;1811;2716;2;888066136785;TOM FORD
TOM FORD COSTA AZZURRA PARFUM 50 ML;1300;1949;2;888066136778;TOM FORD
TOM FORD NOIR EXTREME PARFUM 100 ML;1811;2716;1;888066136921;TOM FORD
MISS DIOR ROSE N ROSE EDT 100 ML;1012;1516;0;3348901500838;DIOR
GUCCI GUILTY ELIXIR DE PARFUM PF 60ML;1073;1609;1;3616304175916;GUCCI
GUCCI GUILTY ELIXIR DE PARFUM PH 60ML;890;1336;0;3616304175893;GUCCI
GUCCI GUILTY PF EDP 50ML;815;1222;0;3614227758117;GUCCI
GUCCI GUILTY PF EDP 90ML;1073;1609;0;3614227758162;GUCCI
L INTERDIT EDP HAIR MIST 35ML;420;630;2;3274872452336;GIVENCHY
GENTLEMAN SOCIETY EDP DEODORANT SPRAY 150 ML;310;464;0;3274872450653;GIVENCHY
BOSS BOTTLED ELIXIR 50ML;685;1028;0;3616304691652;BOSS
BOSS BOTTLED LE PARFUM 100ML;815;1222;0;3616303173098;BOSS
IRR EDP VERY FLORAL 35ML;618;927;1;3274872468993;GIVENCHY
IRR EDP VERY FLORAL 50ML;846;1269;1;3274872469006;GIVENCHY
IRR EDP VERY FLORAL 80ML;1031;1546;1;3274872469013;GIVENCHY
MY BURBERRY EDP 90ML;922;1382;2;1026;BURBERRY
MY BURBERRY BLUSH EDP 90ML;922;1382;0;3614229829044;BURBERRY
MY BURBERRY BLACK 50ML;685;1028;1;3614229828993;BURBERRY
MY BURBERRY BLACK 90ML;922;1382;0;3614229829006;BURBERRY
ESCADA PARTY LOVE EDP 30ML;350;526;0;3616304668777;ESCADA
ESCADA PARTY LOVE EDP 50ML;517;776;0;3616304668784;ESCADA
ESCADA PARTY LOVE EDP 100ML;640;959;0;3616304668791;ESCADA
HUILE LEVRES COMFORT 02;224;337;0;3666057059377;CLARINS
HUILE LEVRES COMFORT 03;224;337;0;3666057037443;CLARINS
HUILE LEVRES COMFORT 08;224;337;0;3666057037481;CLARINS
BB CREME CLINIQUE PERFECTION SPF30 02;268;401;1;020714553210;CLINIQUE
CREME SOLAIRE TOUCHER SEC SPF 50;256;383;0;3380810304848;CLARINS
LOTION CLARINS TONIQUE PS 200ML;200;301;0;3380810378801;CLARINS
DOUX NETTOYANT CLARINS MOUSSANT PMG 125ML;208;311;0;3380810427318;CLARINS
VALENTINO CORAL FANTASY EDP 100ML;1056;1650;1;3614273672054;VALENTINO
STRONG WITH YOU TABACCO EDP 100ML;960;1500;0;3614274040067;EMPORIO ARMANI
HUGO INTENSE 125ML;700;1049;0;3616304697364;BOSS
HUGO INTENSE 75ML;556;833;0;3616304697371;BOSS
GENTLEMAN 200 ML;1553;2329;0;3274872462687;GIVENCHY
LC IDOLE 100 ML SET MDAY24;1014;1580;0;3614274179583;LANCOME
LC LA VIE EST BELLE 100 ML EDP;1014;1580;0;3614274179620;LANCOME
VALENTINO GREEN STRAVAGANZA 100ML;737;1150;1;3614274024807;VALENTINO
 VLN GREEN STRAVAGANZA 50ML;544;850;0;3614274024784;VALENTINO
MY WAY NECTAR 50 ML;704;1100;0;3614273947770;GIORGIO ARMANI
MY WAY NECTAR100ML;936;1460;0;3614273947763;GIORGIO ARMANI
COFFRET SI 100ML;1040;1535;0;3614274186109;GIORGIO ARMANI
COFFRET MYWAY 90 ML;1040;1535;0;3614274186093;GIORGIO ARMANI
3614274121407;1061;1650;1;3614274121407;YVESSAINTLAURENT
 L ELIXIR60ML;1011;1580;4;3614274025637;YVESSAINTLAURENT
ROSE EXTRAORDINAIRE 30ML;502;780;1;3614274103007;LANCOME
ROSE EXTRAORDINAIRE 50 ML;666;1040;0;3614274104448;LANCOME
ROSE EXTRAORDINAIRE;966;1500;3;3614274104370;LANCOME
JADORE L OR 50ML;1268;1901;4;3348901664653;DIOR
DAISY WILD 30ML;533;799;0;3616304254871;MARC JACOBS
DAISY WILD 50ML;768;1152;0;3616304254888;MARC JACOBS
DAISY WILD 100 ML;996;1494;0;3616303466060;MARC JACOBS
THE SCENT ELIXIR100ML;1133;1699;0;3616305169204;BOSS
COFFRET MARC J EDP100ML;950;1425;0;3616303473143;MARC JACOBS
COFFRET  OMBRE100ML;1496;2244;0;888066150675;TOM FORD
COFFRET BLACK ORCHID;1063;1595;2;888066150705;TOM FORD
COFFRET HER 100ML;1012;1517;0;3616304957819;BURBERRY
COFFRET BOSS 50ML;526;788;-1;3616304957581;BOSS
COFFRET SOCIETY100ML;1078;1616;0;3274872467248;GIVENCHY
COFFRET HIGH MASCARA;236;354;0;192333180921;CLINIQUE
COFFRET PLEASURES;1063;1595;0;887167664395;ESTEE LAUDER
COFFRET MAGNOLIA;1156;1733;1;3616304956942;GUCCI
COFFRET BLOOMING;1222;1833;0;3348901697019;DIOR
COFFERT JADORE EDP;1411;2116;3;3348901696999;DIOR
COFFRET FLORA;1156;1733;0;3616304956911;GUCCI
COFFRET GUILTY 50ML;533;799;0;3616304957017;GUCCI
COFFRET TWILLY 50ML;720;1080;0;3346130433774;HERMES
COOFRET TERRE D HERMES;810;1215;0;3346130433729;HERMES
SOCIETY EXTREME60ML;780;1170;1;3274872467958;GIVENCHY
COFFRET DIOR HOMME EDT;1034;1550;0;3348901697132;DIOR
COFFRET GUILTY 90ML;1156;1733;0;3616304956867;GUCCI
COFFRET GUILTY HOMME;875;1312;0;3616304957024;GUCCI
COFFRET GUILTY H EDT;768;1152;0;3616304956997;GUCCI
H24HERBES VIVES;1017;1220;2;3346130432111;HERMES
H24 HERBES 50ML;759;911;4;3346130432104;HERMES
l interdit edp 100ml;1193;1789;6;3274872445512;GIVENCHY
rose naturelle 100ml;1141;1712;5;3616302038138;CHLOE
rose naturelle 50ml;814;1220;2;3616302038312;CHLOE
ysl platine 7.5ml;0;100;-2;3614273926874;YVESSAINTLAURENT
goddess 5ml;0;100;1;3616302020706;BURBERRY
extraordinaire;0;100;0;3614274103113;LANCOME
hero;0;100;7;3614229380286;BURBERRY
magnolia;0;100;0;3616303470883;GUCCI
her elixir;0;100;0;3616304061967;BURBERRY
COFRRET TUTTI 80ML;965;1447;1;3346130433798;HERMES
TOM FORD SOLEIL BLANC EAU DE PARFUM 50 ML;2023;3035;1;888066048958;TOM FORD
TOM FORD SOLEIL BLANC EAU DE PARFUM 100 ML;2693;4040;3;888066048873;TOM FORD
SOLEIL BLANC EAU DE PARFUM 250 ML;4999;7499;2;888066052542;TOM FORD
TOM FORD NEROLI PORTOFINO EDP 50 ML;2023;3035;2;888066008433;TOM FORD
TOM FORD NEROLI PORTOFINO EDP 100 ML;2693;4040;3;888066008457;TOM FORD
TOM FORD NEROLI PORTOFINO EDP 250 ML;4999;7499;1;888066008464;TOM FORD
OUD COLLECTION OUD WOOD EDP 50ML(gris);2023;3035;0;888066024082;TOM FORD
OUD COLLECTION OUD WOOD EDP 100ML;2693;4040;1;888066024099;TOM FORD
OUD COLLECTION OUD WOOD EDP 250ML;4999;7499;1;888066024105;TOM FORD
OUD COLLECTION OUD WOOD BODY LOTION 150ML;590;886;2;888066024075;TOM FORD
OUD COLLECTION OUD WOOD SHOWER GEL 250ML;590;886;2;888066024068;TOM FORD
OUD COLLECTION OUD WOOD BATH SOAP 150G;275;413;2;888066024051;TOM FORD
NEROLI PORTOFINO FORTE 50ML;2276;3415;3;888066049832;TOM FORD
SOLEIL NEIGE EDP 50ML;2023;3035;2;888066093200;TOM FORD
SOLEIL NEIGE EDP 250ML;4590;6885;1;888066093217;TOM FORD
EBENE FUME EDP 50ML;2023;3035;4;888066115308;TOM FORD
ROSE PRICK EDP 50ML;2693;4040;1;888066107785;TOM FORD
ROSE PRICK EDP 100ML;3582;5373;2;888066113779;TOM FORD
BITTER PEACH EDP 50ML;2693;4040;1;888066114325;TOM FORD
BITTER PEACH EDP 100ML;3582;5373;3;888066122245;TOM FORD
RC  COLLECTION DIVINE OUD EDP 100ML;1939;2909;3;3614221031377;ROBERTO CAVALI
RC COLLECTION WILD INCENSE 100ML;2462;3693;5;3616301776154;ROBERTO CAVALI
RC COLLECTION NOBLE WOODS 100ML;1939;2909;3;3614221031698;ROBERTO CAVALI
RC COLLECTION VELOUR SAFFRON 100ML;2462;3693;4;3616301776185;ROBERTO CAVALI
MA VIE HUGO BOSS;0;1036;0;73705280280;BOSS
my burberry;922;1382;1;36144226905963;BURBERRY
MY BURBERRY 90 ML;922;1382;1;3614226905963;BURBERRY
BARENIA 100ML;1380;1656;2;3346130421337;HERMES
BARENIA 60ML;1025;1229;5;3346130421344;HERMES
LINTERDIT ABSOLU35ML;680;1021;3;3274872473669;GIVENCHY
LINTERDITABSOLU50ML;931;1397;3;3274872473676;GIVENCHY
LINTERDIT ABSOLU80ML;1134;1701;0;3274872473683;GIVENCHY
coffret calvin 100ml;533;799;0;3616305433794;CALVIN KLEIN
COFFRET BOTTLED EDP50ML;578;868;2;3616305443571;BOSS
COFFRET BOTTLED P50ML;608;913;0;3616305439482;BOSS
COFFRET BOTTLED EDP100ML;785;1177;0;3616305443588;BOSS
COFFRET PERFECT100ML;950;1426;0;3616305449788;MARC JACOBS
COFFRET PERFECT 50ML;730;1094;0;3616305449764;LANCOME
GODDESS INTENSE100ML;1111;1667;0;3616304967122;BURBERRY
GODDESS INTENSE 50ML;836;1255;1;3616304967115;BURBERRY
OUD MINERALE 50ML;1142;1714;5;888066144223;TOM FORD
OUD MINERALE 100 ML;1598;2398;5;888066144254;TOM FORD
FLORA ORCHID 30ML;571;857;0;3616305169259;GUCCI
FLORA ORCHID 50ML;814;1220;0;3616305169266;GUCCI
FLORA ORCHID 100ML;1106;1660;0;3616305169273;GUCCI
SAUVAGE FORTE 60ML;845;1267;0;3348901728829;DIOR
LE DEODORANT 100 ML;398;598;2;3274872451629;GIVENCHY
LE LAIT CORPS ;464;697;2;3274872451605;GIVENCHY
LHUILE DE DOUCHE;420;630;1;3274872451612;GIVENCHY
COFFRET LINTERDIT EDP80ML;1112;1669;0;3274872473409;GIVENCHY
COFFRET GENTLMAN EDP100ML;1109;1663;1;3274872496736;GIVENCHY
COFFRET IRRESISTIBLE EDP50ML;888;1332;1;3274872473461;GIVENCHY
COFFRET LINTERDIT 50ML;914;1372;0;3274872473348;GIVENCHY
COOFRET LINTERDIT ROUGE;888;1332;0;3274872473393;GIVENCHY
IRRESISTIBLE 80 ML;1031;1546;1;3274872456143;GIVENCHY
COFFRET TOM FORD ROSE PRICK;2755;4133;6;888066158756;TOM FORD
COFFRET TOM FORD SOLEIL BLANC;2047;3071;5;888066158497;TOM FORD
COFFRET TOM FORD OUD WOOD;2047;3071;5;888066158732;TOM FORD
COFFRET TOM FORD EBENE FUME;2047;3071;4;888066158947;TOM FORD
COFFRET TOM FORD LOST CHERRY;2755;4133;4;888066158954;TOM FORD
PERFETC ELEXIR MARC JACOBS 100ML  EDP;1091;1636;3;3616305187321;MARC JACOBS
MARC JACOBS PERFECT ELEXIR EDP 50ML;841;1262;1;3616305187314;MARC JACOBS
CARTIER PANTHERE ELEXIR 100ML;1308;1962;3;3432240515377;CARTIER
CARTIER PANTHERE ELEXIR 50ML;944;1415;3;3432240515407;CARTIER
SI PASSIONE EDP INTENSE 50ML;820;1280;0;3614274150988;GIORGIO ARMANI
SI PASSIONE EDP INTENSE 100ML;1050;1640;2;3614274150926;GIORGIO ARMANI
STRONG WITH YOU EDP 50ML;538;840;6;1176;EMPORIO ARMANI
LA VIE EST BELLE ELEXIR EDP 50ML;800;1250;3;3614274169713;LANCOME
LA VIE EST BELLE ELEXIR EDP 30ML;627;980;0;3614274169720;LANCOME
MY SELF LE PARFUM 100ML;1102;1720;4;3614274114645;YVESSAINTLAURENT
MYSELF LE PARFUM EDP 60ML;846;1320;3;3614274114652;YVESSAINTLAURENT
MY SELF EDP 60ML;724;1131;0;3614273852821;YVESSAINTLAURENT
MY SELF EDP 100ML;942;1471;0;3614273852814;YVESSAINTLAURENT
COFFRET IRRESISTIBLE EDP GIVENCHY ;1112;1669;0;3274872473430;GIVENCHY
COFFRET HERMES EDT 100ML;774;1161;0;3346130438342;HERMES
Coffret MY SELF EDP 100ML;989;1545;0;3614274286878;YVESSAINTLAURENT
COFFRET Y EDP 100ML;903;1410;0;3614274284904;YVESSAINTLAURENT
COFFRET LIBRE EDP 90ML;1089;1700;0;3614274285031;YVESSAINTLAURENT
COFFRET LIBRE EDP 50ML;865;1350;0;3614274285086;YVESSAINTLAURENT
GODESS EDP INTENSE 5ML;0;100;0;3616304967160;BURBERRY
DAISY WILD EDP 4ML;0;100;0;3616304254901;MARC JACOBS
BORN IN ROMA EDP 6ML;0;100;0;3614273700542;VALENTINO
BORN IN ROMA YELLOW DREAM EDP 6ML;0;100;2;3614273700566;VALENTINO
DONNA EDP50ML LOMAD;706;1180;0;3614272732087;VALENTINO
DONNA EDP100ML LO MAD;1001;1690;4;3614272732308;VALENTINO
UOMO EDT 100ML;756;1180;3;3614272732209;VALENTINO
UOMO 50 ML EDT;557;870;0;3614272732230;VALENTINO
RECHARGE YVES SAINT 100ML;908;1420;6;3614273941136;VALENTINO
ARMANI CODE EDP75ML;787;1230;0;3614273636414;GIORGIO ARMANI
ARMANI CODE 125ML;953;1490;0;3614273636384;GIORGIO ARMANI
STRONG WITH U SANDALWOOD 100ML;1024;1600;6;3614274184631;EMPORIO ARMANI
IDOLE POWER EDP INTENSE 50ML;768;1200;4;3614274299212;LANCOME
IDOLE POWER EDP INTENSE 100ML;1044;1670;7;3614274299229;LANCOME
TERRE EDP INTENSE 100ML;1046;1570;1;3346130424116;HERMES
TERRE EDP INTENSE 50 ML;764;1147;3;3346130424109;HERMES
J ADORE EDP 150 ML;1547;2319;2;3348901738231;DIOR
J ADORE EDP 50 ML;906;1358;1;3348901738217;DIOR
J ADORE EDP 30 ML;619;928;4;33489017382200;DIOR
J ADORE EDP 100 ML;1253;1878;2;3348901738224;DIOR
GENTLEMAN AMBREE 60 ML;787;1181;2;3274872481688;GIVENCHY
GENTLEMAN AMBREE 100 ML;1037;1555;4;3274872480810;GIVENCHY
STRONGER WITH YOU P 50ML;704;1100;4;3614272219548;EMPORIO ARMANI
TERRE EDP INTENSE 200ML;1301;1951;2;3346130015307;HERMES
JOLI ROUGE VELVET 713 V;200;287;2;3380810249224;CLARINS
COFFERT BLOOM 100 ML;1141;1712;1;3616305267207;GUCCI
COFFRET FLORA 100ML;1217;1825;2;3616305838162;GUCCI
DECLARATION EDP 50ML;814;1220;2;3432240515438;CARTIER
DECLARATION EDP 100 ML;1141;1712;5;3432240515414;CARTIER
JADORE EDP 30ML;619;929;0;3348901738200;DIOR
SPF 50 30 ML;245;367;0;020714776114;CLINIQUE
SPF 30 50 ML;245;367;0;020714817343;CLINIQUE
ACQUA DI GIO ELIXIR;896;1400;8;3614274143751;GIORGIO ARMANI
EXTRADOSE 100 ML;896;1400;2;3614274350739;VALENTINO
EXTRADOSE F 50 ML;896;1400;0;3614274351064;VALENTINO
EXTRADOSE F 100 ML;1216;1900;2;3614274350753;VALENTINO
LIBRE BRUME 200 ML;473;740;2;3614273853866;YVESSAINTLAURENT
YSL LE PARFUM 60 ML;780;1220;0;3614274266818;YVESSAINTLAURENT
YSL LE PARFUM 100 ML;1062;1660;7;3614274266801;YVESSAINTLAURENT
COFFRET ARMANI CODE 75ML;841;1315;1;3614274458749;GIORGIO ARMANI
ACQUA DI GIO 100 ML;873;1365;3;3614274437157;GIORGIO ARMANI
COFFRET INTENSELY;774;1210;0;3614274458879;EMPORIO ARMANI
COFFRET YSL EDP 100ML;921;1440;0;3614274400458;YVESSAINTLAURENT
COFFRET MYSLF100 ML;1011;1580;1;3614274400151;YVESSAINTLAURENT
COFFRET LA NUIT 100 ML;838;1310;0;3614274400106;YVESSAINTLAURENT
COFFRET LIBRE 90 ML;1139;1780;0;3614274400038;YVESSAINTLAURENT
SI PASSIONE EDP 100ML;992;1550;6;3614271994844;GIORGIO ARMANI
YSL EDT 60ML;557;870;0;3614273683395;YVESSAINTLAURENT
YSL EDT 100 ML;742;1160;3;3614273683401;YVESSAINTLAURENT
VALENTINO CORAL 50 ML;768;1200;1;3614273672474;VALENTINO
VALENTINO YELLOW100ML;1088;1700;5;3614273261401;VALENTINO
TRESOR 50 ML;768;1200;1;3614273650397;LANCOME
TRESOR 100ML;1088;1700;2;3614273650403;LANCOME
COFFRET BLOOMING 100ML;1238;1855;0;3348901749749;DIOR
RED MUSK 50 ML;831;1300;4;3614274459708;GIORGIO ARMANI
RED MUSK 100 ML;1087;1700;3;3614274459869;GIORGIO ARMANI
GUILTY ESSENCE EDT 50ML;533;799;1;3616305820747;GUCCI
GUILTY ESSENCE 90ML;745;1118;5;3616305820846;GUCCI
GENTLEMAN PRIVEE EDP 100ML;950;1428;7;3274872439078;GIVENCHY
HAIR MIST;420;630;1;3274872451186;GIVENCHY
ADDICT EDP 100ML;1237;1856;1;3348901181839;DIOR
MISS DIOR EDP 100 ML;1237;1856;2;3348901571456;DIOR
MISS DIOR EDP 50 ML;890;1335;3;3348901571449;DIOR
MISS DIOR PARFUM 50 ML;906;1358;-2;3348901708937;DIOR
MISS DIOR PARFUM 100ML;1207;1810;1;3348901708920;DIOR
O ZENITH EDT;704;1100;1097;3614274380392;LANCOME
OFF NOW;704;1100;1099;3614274380415;LANCOME
OVER THE TOP EDT;704;1100;10;3614274380408;LANCOME
ARMANI ELIXIR;916;1430;11;3614274139167;GIORGIO ARMANI
MY SELF L ABSOLU;948;1480;3;3614274329391;YVESSAINTLAURENT
MY SELF L ABSOLU100ML;1210;1890;5;3614274329384;YVESSAINTLAURENT
LIBRE L EAU NUE;743;1160;5;3614274293845;YVESSAINTLAURENT
LIBRE LEAU NUE 90ML;1022;1460;8;3614274241006;YVESSAINTLAURENT
STRONER WITH YOU EDP 50ML;705;1100;2;3614274219548;EMPORIO ARMANI
BLOOM PARFUM30ML;624;936;3;3616306115910;GUCCI
BLOOM PARFUM50ML;890;1336;4;3616306115927;GUCCI
BLOOM PARFUM100ML;1217;1825;1;3616306115934;GUCCI
LINTERDIT P35ML;688;1031;2;3274872495470;GIVENCHY
LINTERDIT P 50ML;943;1415;2;3274872495487;GIVENCHY
LINTERDIT P 80ML;1151;1726;3;3274872495494;GIVENCHY
GUCCI FLORA GARDENIA EDP INTENSE 30ML;594;891;1;3616305275769;GUCCI
GUCCI FLORA GARDENIA EDP INTENSE 50ML;852;1278;2;3616305275752;GUCCI
GUCCI FLORA GARDENIA EDP INTENSE 100ML;1194;1791;2;3616305275745;GUCCI
MISS DIOR ESSENCE SPR 50ML INT25;1102;1652;4;3348901757690;DIOR
MISS DIOR ESSENCE SPR 80ML INT25;1502;2254;5;3348901757683;DIOR
LINTERDIT ROUGE ULTIME 80ML;1130;1696;2;3274872456341;GIVENCHY
LINTERDI ROUGE ULTIME EDP  50ML;925;1388;0;3274872456334;GIVENCHY
DIOR ADDICTEAU FRAICHE 50ML;755;1132;1;3348901181853;DIOR
DIOR ADDICT EDT 100ML;1072;1607;2;3348901206174;DIOR
DIOR HOMME INTENSE 100ML;982;1471;0;3348900838185;DIOR
DIOR HOMME INTENSE 50ML;732;1098;1;3348900838178;DIOR
PURE POISON EDP 50ML;890;1335;2;3348900606708;DIOR
HYPNOTIC POISON EDP 50ML;890;1335;0;3348901192224;DIOR
HYPNOTIC POISON EDP 100ML;1237;1856;2;3348901192231;DIOR
BLOOMING BOUQUET EDT 100ML;1072;1607;3;3348901627375;DIOR
SAUVAGE ELEXIR 60ML;1246;1867;4;1310;DIOR
DIOR SAUVAGE PARFUM 100ML;1246;1867;1;3348901486385;DIOR
DIOR SAUVAGE PARFUM 60ML;890;1335;1;3348901486392;DIOR
DIOR SAUVAGE EDP 100ML;1042;1562;2;3348901368247;DIOR
DIOR SAUVAGE EDP 60ML;755;1132;2;3348901368254;DIOR
SAUVAGE EDT 60ML;665;996;2;3348901250153;DIOR
SAUVAGE EDT 100ML;906;1358;3;3348901250146;DIOR
TWILLY EDP 50ML;750;1125;2;3346130010357;HERMES
TWILLY EDP 85ML;1006;1508;5;3346130010364;HERMES
TWILLY DHERMES BRUME CHEVEUX 50 ML;490;734;3;3346130412366;HERMES
TWILLY DHERMES DEODORANT;373;560;3;3346130010418;HERMES
TWILLY DHERMES LAIT HYDRATANT 200ML;493;740;3;3346130010470;HERMES
EAU DE RHUBARBE ECARLATE EDC 100ML;815;1222;2;3346130009382;HERMES
TWILLY EAU GINGER EDP 50ML;750;1125;1;3346133203664;HERMES
JOUR HERMES ABSOLU EDP 125ML;952;1425;1;3346132302818;HERMES
GINZING SCRUB CLEANSER ;229;344;2;717334194014;ORIGINS
GINZING REFRESHING EYE CREAM;292;414;3;717334254954;ORIGINS
GINZING GLOW BOOSTING MASK ;276;437;3;1334;ORIGINS
clear improvement nettoyant au charbon;205;308;4;717334249554;ORIGINS
CLEAR IMPROVEMENT  AU CHARBON  SOIN HYDRATANT ;292;437;2;717334239456;ORIGINS
ORIGINS CLEAR IMPROVEMENT 75ML;284;427;3;717334237407;ORIGINS
CLEAR IMPROVEMENT ACTIVE CHARCOL MASK;233;349;2;717334242258;ORIGINS
DRINK-UP BAUME A LEVRES A LAVOCAT;190;284;3;717334255098;ORIGINS
COFFRET FANTASTIC ARIGINS SKINCARE ESSENTIALS;392;589;1;717334263789;ORIGINS
COFFRET GINZING RADIANCE BOOSTING REGIMEN;311;466;0;717334260856;ORIGINS
COFFRET ORIGINS MASK TO GO ;154;230;1;717334263888;ORIGINS
CLINIQUE CLARIFYING LOTION 400ML;362;544;9;1343;CLINIQUE
CLINIQUE LOTION 200ML;221;331;8;020714462772;CLINIQUE
CLINIQUE SAVON VISAGE  200ML;214;320;9;020714227685;CLINIQUE
CREME MOUSSE NETTOYANTE ;252;378;2;020714672164;CLINIQUE
CLINIQUE 2 IN 1 CLEANSING + EXFOLIATING;331;497;3;192333081020;CLINIQUE
CREME GOMMANTE QUOTIDIENNE;300;450;0;020714045159;CLINIQUE
GOMMAGE TONIQUE;307;461;2;020714002527;CLINIQUE
BAUME DEMAQUILLANT;324;484;1;020714215552;CLINIQUE
CLINIQUE SOIN HYDRO RELIPIDANT 72H 30ML;221;331;3;192333042793;CLINIQUE
COFFRET IDOLE EDP  100ML;1089;1700;3;3614274654394;LANCOME
COFFRET IDOLE EDP 50ML;749;1170;0;3614274654400;LANCOME
COFFRET LA NUIT TRESOR EDP 50ML;749;1170;2;3614274653427;LANCOME
COFFRET LA VIE EST BELLE ELEXIR EDP 50ML;871;1360;3;3614274656961;LANCOME
COFFRET LA VIE EST BELLE 100ML;1089;1700;3;3614274654141;LANCOME
COFFRET LA VIE EST BELLE EDP 50ML;749;1170;3;3614274654134;LANCOME
COFFRET SI PASSIONE EDP INTENSE  50ML;890;1390;1;3614274692723;GIORGIO ARMANI
COFFRET AQUA DI GIO EDP 100ML;890;1400;3;3614274692495;GIORGIO ARMANI
COFFRET STRONG WITH YOU INTENSELY 100ML;794;1270;0;3614274692563;GIORGIO ARMANI
COFFRET STRONG WITH YOU INTENSELY  50ML;583;910;0;3614274692556;GIORGIO ARMANI
YSL Y EDP 100ML ;941;1470;2;3614274643466;YVESSAINTLAURENT
YSL LA NUIT DE LHOMME  EDT 100ML;852;1330;3;3614274643237;YVESSAINTLAURENT
COFFRET YSL MYSELF EDP 100ML;1031;1620;3;3614274643404;YVESSAINTLAURENT
COFFRET YSL MYSELF LE PARFUM 60ML;928;1450;3;3614274643398;YVESSAINTLAURENT
COFFRET YSL MON PARIS EDP 90ML;1076;1680;2;3614274638257;YVESSAINTLAURENT
COFFRET YSL LIBRE EDP 90ML;1165;1820;1;3614274638288;YVESSAINTLAURENT
COFFRET YSL BLACK OPIUM EDP  90ML;1076;1680;2;3614274638370;YVESSAINTLAURENT
COFFRET YSL LIBRE EDP 50ML;922;1440;2;3614274638349;YVESSAINTLAURENT
COFFRET VALENTINO BIR D INTENSE 50ML;896;1400;3;3614274680119;VALENTINO
COFFRET VLTN BIR U 100ML;826;1290;1;3614274683622;VALENTINO
COFFRET VLTN BIR UOMO 50ML ;621;970;4;3614274680096;VALENTINO
COFFRET VLTN BIR INTENSE 50ML;685;1070;0;3614274680102;VALENTINO
COFFRET VLTN BIR DONNA 100ML;1172;1830;3;3614274680133;VALENTINO
COFFRET VLTN BIR DONNA 50ML;826;1290;1;3614274680126;VALENTINO
COFFRET PRADA PARADOX EDP 90ML;1165;1820;0;3614274641998;PRADA
COFFRET PRADA OCEAN LUNA ROSSA 50ML;775;1210;4;3614274642063;PRADA
COFFRET PRADA OCEAN LUNA ROSSA EDP 100ML;1005;1570;4;3614274642070;PRADA
INFUSION DE ROSE EDP 100ML;1108;1730;6;8435137754601;PRADA
INFUSION DE CEDRE EDP 100ML;1108;1730;12;8435137743223;PRADA
INFUSION DIRIS EDP 100ML;1108;1730;12;8435137743155;PRADA
IFUSION DE FLEUR DORANGER EDP 100ML;1108;1730;2;8435137742226;PRADA
PRADOX VIRTUAL FLOWER EDP 50ML;877;1370;6;3614274000566;PRADA
PARADOXE VIRTUAL FLOWER EDP 90ML;1108;1730;1;3614274000597;PRADA
PARADOXE INTENSE EDP 50ML;909;1420;1;3614273961752;PRADA
PARADOXE INTENSE EDP 90ML;1204;1880;5;3614273961707;PRADA
OCEAN LUNA ROSSA LE PARFUM 100ML;1140;1780;6;3614274089356;PRADA
OCEAN LUNA ROSSA LE PARFUM 50ML;884;1380;6;3614274089349;PRADA
LUNA ROSSA EDT 50ML;627;980;4;3614273478748;PRADA
LUNA ROSSA EDT 100ML;813;1270;4;3614273478755;PRADA
PARADOXE EDP 30ML;570;890;2;3614273760713;PRADA
PARADOXE EDP 50ML;877;1370;2;3614273760652;PRADA
PARADOXE EDP 90ML;1108;1730;5;3614273760164;PRADA
RECHARGE PARADOXE EDP 100ML;922;1440;6;3614273760201;PRADA
BLACK LUNA ROSSA EDP 100ML;980;1530;6;8435137782949;PRADA
BLACK LUNA ROSSA EDP 50ML;756;1180;6;8435137782970;PRADA
OCEAN LUNA ROSSA EDP 100ML;980;1530;6;3614273768832;PRADA
OCEAN LUNA ROSSA EDP 50ML;756;1180;5;3614273768825;PRADA
INFUSION DYLANG EDP 100ML;1108;1730;6;3614273674461;PRADA
INFUSION DE GINGEMBRE EDP 100ML;1108;1730;6;3614273991827;PRADA
INFUSION DE FIGUE EDP 100ML;1108;1730;6;3614273906678;PRADA
COFFRET CLINIQUE;346;518;5;192333274866;CLINIQUE
COFFRET MASCARA;299;448;6;192333275672;CLINIQUE
COFFRET PASHA;913;1370;6;3432240517593;CARTIER
COFFRET IRRESISTIBLE 80ML;1131;1696;4;3274872496347;GIVENCHY
COFFRET GENTLEMAN;1036;1554;6;3274872496392;GIVENCHY
LOTION ANTI BLEMISH;221;331;1;020714281113;CLINIQUE
GEL ANTI BLEMISH;252;378;0;020714687977;CLINIQUE
SOIN PURIFIANT;252;378;2;020714291839;CLINIQUE
COFFRET LA PANTHERE;3116;4675;3;3432240507105;CARTIER
COFFRET HER EDP ;1004;1507;0;3616305277022;BURBERRY
coffret  dior homme edt;1034;1550;6;3348901772723;DIOR
coffret j adore edp;1427;2138;3;3348901772976;DIOR
coffret miss dior ;1427;2138;3;3348901772709;DIOR
coffret blooming edt;837;1256;6;3348901772686;DIOR
la vie est belle 50 ml;717;1120;6;3614274397246;LANCOME
la vie est belle 100 ml;1037;1620;4;3614274397253;LANCOME
paradoxe 50 ml;941;1470;6;3614274306217;PRADA
paradoxe 90 ml;1274;1990;5;3614274305401;PRADA
COFFRET TERRE EDP 75 ML;946;1419;5;3346130022909;HERMES
COFFRET TERRE EDT ;815;1223;4;3346130022893;HERMES
COFFRET TERRE EDP INTENSE;1047;1570;3;3346130022916;HERMES
COFFRET BARENIA ;873;1309;3;3346130022886;HERMES
STRONGER WITH YOU 50ML;557;870;6;3614272225701;EMPORIO ARMANI
STRONGER WITH YOU 100 ML;756;1180;12;3614272225718;EMPORIO ARMANI
HAIR MIST 30 ML;468;730;12;3614274344318;PRADA
LIBRE EDP 50 ML;877;1370;6;3614272648418;YVESSAINTLAURENT
LIBRE EDP 90 ML;1108;1730;6;3614272648425;YVESSAINTLAURENT
LIBRE HAIR ;468;730;6;3614273346665;YVESSAINTLAURENT
PLATINE 50 ML;986;1540;3;3614273923859;YVESSAINTLAURENT
PLATINE 90 ML;1267;1970;6;3614273924030;YVESSAINTLAURENT
LIBRE FLOWERS 50 ML;877;1370;6;3614274151152;YVESSAINTLAURENT
LIBRE FLOWERS 90ML;1108;1730;6;3614274151701;YVESSAINTLAURENT
LIBRE INTENSE 50 ML;909;1420;3;3614273069540;YVESSAINTLAURENT
LIBRE INTENSE 90 ML;1204;1880;1;3614273069557;YVESSAINTLAURENT
